Book Id,Title,Author,Author l-f,Additional Authors,ISBN,ISBN13,My Rating,Average Rating,Publisher,Binding,Number of Pages,Year Published,Original Publication Year,Date Read,Date Added,Bookshelves,Bookshelves with positions,Exclusive Shelf,My Review,Spoiler,Private Notes,Read Count,Owned Copies
51648276,Drive Your Plow Over the Bones of the Dead,Olga Tokarczuk,"Tokarczuk, Olga","Antonia Lloyd-Jones, Beata Poźniak","=""""","=""""",0,3.94,Penguin Audio,Audible Audio,274,2019,2009,,2023/11/08,,,read,,,,1,0
18112493,Parissyndromet,Heidi Furre,"Furre, Heidi",,"=""8282880035""","=""9788282880039""",0,4.12,Flamme,Hardcover,207,2013,2013,,2024/12/21,,,read,,,,1,0
25489025,The Vegetarian,Han Kang,"Kang, Han",Deborah Smith,"=""0553448188""","=""9780553448184""",0,3.64,Hogarth,Hardcover,188,2016,2007,,2024/12/21,,,read,,,,1,0
28921,The Remains of the Day,Kazuo Ishiguro,"Ishiguro, Kazuo",,"=""""","=""""",0,4.14,Faber & Faber,Paperback,258,2005,1989,,2025/07/15,,,read,,,,1,0
43868109,Empire of Pain: The Secret History of the Sackler Dynasty,Patrick Radden Keefe,"Keefe, Patrick Radden",,"=""0385545681""","=""9780385545686""",0,4.54,Doubleday,Hardcover,535,2021,2021,,2025/07/10,to-read,to-read (#298),to-read,,,,0,0
40163119,Say Nothing: A True Story of Murder and Memory in Northern Ireland,Patrick Radden Keefe,"Keefe, Patrick Radden",,"=""0385521316""","=""9780385521314""",0,4.47,Doubleday,Hardcover,441,2019,2018,,2025/07/10,to-read,to-read (#297),to-read,,,,0,0
42683,On Writing,Ernest Hemingway,"Hemingway, Ernest","Larry W. Phillips, Charles Scribner Jr.","=""0684854295""","=""9780684854298""",0,4.02,Scribner,Paperback,160,2004,1984,,2025/06/12,to-read,to-read (#296),to-read,,,,0,0
22816087,Seveneves,Neal Stephenson,"Stephenson, Neal",,"=""""","=""""",0,4.00,William Morrow,Kindle Edition,872,2015,2015,,2025/06/11,to-read,to-read (#295),to-read,,,,0,0
50365,"A Suitable Boy (A Bridge of Leaves, #1)",Vikram Seth,"Seth, Vikram",,"=""0060786523""","=""9780060786526""",0,4.11,Harper Perennial Modern Classics,Paperback,1474,2005,1993,,2025/06/11,to-read,to-read (#294),to-read,,,,0,0
139498940,Code The Hidden Language of Computer Hardware and Software Paperback - Illustrated 21 Oct 2000,Charles Petzold,"Petzold, Charles",,"=""""","=""""",0,4.40,Generic,Paperback,0,,1999,,2025/06/11,to-read,to-read (#293),to-read,,,,0,0
41795733,Range: Why Generalists Triumph in a Specialized World,David   Epstein,"Epstein, David",,"=""0735214484""","=""9780735214484""",0,4.13,Riverhead Books,Hardcover,339,2019,2019,,2025/05/11,to-read,to-read (#292),to-read,,,,0,0
58537332,"The Myth of Normal: Trauma, Illness, and Healing in a Toxic Culture",Gabor Maté,"Maté, Gabor",Daniel Maté,"=""0593083881""","=""9780593083888""",0,4.31,Avery,Hardcover,576,2022,2022,,2023/01/30,,,read,,,,1,0
18371942,"Lille mand, hvad nu?",Hans Fallada,"Fallada, Hans",,"=""""","=""""",0,4.02,Gyldendal,Paperback,216,1982,1932,,2025/04/15,to-read,to-read (#291),to-read,,,,0,0
764165,The Snow Leopard,Peter Matthiessen,"Matthiessen, Peter",,"=""0140255087""","=""9780140255089""",0,4.07,Penguin Books,Paperback,338,1996,1978,,2023/08/28,,,read,,,,1,0
74402,The Fur Hat,Vladimir Voinovich,"Voinovich, Vladimir",Susan Brownsberger,"=""0156340305""","=""9780156340304""",0,3.92,HarperVia,Paperback,132,1991,1988,,2024/11/30,,,read,,,,1,0
61948083,Giæver og Iunker,Erlend Loe,"Loe, Erlend",,"=""8202763843""","=""9788202763848""",0,3.85,Cappelen Damm,Hardcover,160,2022,2022,,2024/12/21,,,read,,,,1,0
67696,The Last of the Wine,Mary Renault,"Renault, Mary",,"=""0375726810""","=""9780375726811""",0,4.05,Vintage,Paperback,400,2001,1956,,2025/03/23,to-read,to-read (#290),to-read,,,,0,0
4982,The Sirens of Titan,Kurt Vonnegut Jr.,"Jr., Kurt Vonnegut",Chris     Moore,"=""""","=""""",0,4.15,Gollancz,Paperback,224,1999,1959,,2025/03/18,to-read,to-read (#289),to-read,,,,0,0
34051011,Pachinko,Min Jin Lee,"Lee, Min Jin",,"=""""","=""""",0,4.34,Grand Central Publishing,Kindle Edition,496,2017,2017,,2025/03/13,to-read,to-read (#288),to-read,,,,0,0
18749,Half of a Yellow Sun,Chimamanda Ngozi Adichie,"Adichie, Chimamanda Ngozi",,"=""1400044162""","=""9781400044160""",0,4.34,Knopf,Hardcover,435,2006,2006,,2025/03/13,to-read,to-read (#287),to-read,,,,0,0
171547,Songs of Innocence and of Experience,William Blake,"Blake, William",,"=""1420925806""","=""9781420925807""",0,4.09,Digireads.com,Paperback,56,2005,1794,,2025/03/13,to-read,to-read (#286),to-read,,,,0,0
173754979,James,Percival Everett,"Everett, Percival",,"=""0385550367""","=""9780385550369""",0,4.47,Knopf Doubleday,Hardcover,303,2024,2024,,2025/03/13,to-read,to-read (#285),to-read,,,,0,0
34381330,In the Distance,Hernan Diaz,"Diaz, Hernan",,"=""1566894883""","=""9781566894883""",0,4.10,Coffee House Press,Paperback,256,2017,2017,,2025/03/13,to-read,to-read (#284),to-read,,,,0,0
18386,The Death of Ivan Ilych,Leo Tolstoy,"Tolstoy, Leo","Aylmer Maude, Louise Maude","=""""","=""""",0,4.14,Waking Lion Press,Paperback,86,2006,1886,,2025/03/01,to-read,to-read (#283),to-read,,,,0,0
89231,Augustus,John  Williams,"Williams, John",,"=""1400076730""","=""9781400076734""",0,4.25,Vintage,Paperback,336,2004,1972,,2025/02/23,to-read,to-read (#282),to-read,,,,0,0
9778945,The Shallows: What the Internet Is Doing to Our Brains,Nicholas Carr,"Carr, Nicholas",,"=""0393339750""","=""9780393339758""",0,3.89,W. W. Norton & Company,Paperback,280,2011,2010,,2025/02/20,to-read,to-read (#281),to-read,,,,0,0
223263555,Terracotta,Amalie Smith,"Smith, Amalie",,"=""8702427397""","=""9788702427394""",0,3.90,Gyldendal,Paperback,192,2025,2025,,2025/01/23,to-read,to-read (#280),to-read,,,,0,0
54452012,Thread Ripper,Amalie Smith,"Smith, Amalie",Line-Gry Hørup,"=""""","=""9788702296426""",0,4.26,Gyldendal,Paperback,224,2021,2020,,2025/01/23,to-read,to-read (#279),to-read,,,,0,0
20257294,The Fable of the Dragon-Tyrant,Nick Bostrom,"Bostrom, Nick",,"=""""","=""""",0,4.23,,Unknown Binding,18,2005,2005,,2024/12/29,to-read,to-read (#278),to-read,,,,0,0
208707460,Deep Utopia: Life and Meaning in a Solved World,Nick Bostrom,"Bostrom, Nick",,"=""1646871642""","=""9781646871643""",0,3.70,Ideapress Publishing,Hardcover,536,2024,,,2024/12/29,to-read,to-read (#277),to-read,,,,0,0
20527133,"Superintelligence: Paths, Dangers, Strategies",Nick Bostrom,"Bostrom, Nick",,"=""0199678111""","=""9780199678112""",0,3.85,Oxford University Press,Hardcover,352,2014,2014,,2024/12/29,to-read,to-read (#276),to-read,,,,0,0
83518,The Singularity is Near: When Humans Transcend Biology,Ray Kurzweil,"Kurzweil, Ray",,"=""0143037889""","=""9780143037880""",0,3.93,Penguin ,Paperback,652,2006,2005,,2024/12/29,to-read,to-read (#275),to-read,,,,0,0
276796,Utz,Bruce Chatwin,"Chatwin, Bruce",,"=""0140115765""","=""9780140115765""",0,3.67,Penguin Publishing Group,Paperback,154,1989,1988,,2024/12/29,to-read,to-read (#274),to-read,,,,0,0
75665931,The Maniac,Benjamín Labatut,"Labatut, Benjamín",,"=""0593654471""","=""9780593654477""",4,4.34,Penguin Press,Hardcover,368,2023,2023,,2024/12/03,,,read,,,,1,0
8471380,Fortællinger,Franz Kafka,"Kafka, Franz","Isak Winkel Holm, Per Øhrgaard, Villy Sørensen","=""8702066211""","=""9788702066210""",0,3.87,Gyldendal,Hardcover,267,2008,1912,2024/12/05,2023/11/19,,,read,,,,1,0
62069739,When We Cease to Understand the World,Benjamín Labatut,"Labatut, Benjamín",Adrian Nathan West,"=""""","=""""",0,4.11,New York Review Books,Kindle Edition,193,2022,2020,,2024/11/30,,,read,,,,1,0
2623,Great Expectations,Charles Dickens,"Dickens, Charles","Kate Flint, Margaret Cardwell","=""0192833596""","=""9780192833594""",4,3.80,Oxford University Press,Paperback,544,1998,1861,,2022/07/19,,,read,,,,1,0
12158480,"Why Nations Fail: The Origins of Power, Prosperity, and Poverty",Daron Acemoğlu,"Acemoğlu, Daron",James A. Robinson,"=""0307719219""","=""9780307719218""",0,4.09,Crown Currency,Hardcover,529,2012,2012,,2024/11/11,to-read,to-read (#273),to-read,,,,0,0
76171,We,Yevgeny Zamyatin,"Zamyatin, Yevgeny",Clarence Brown,"=""0140185852""","=""9780140185850""",0,3.88,Penguin Books,Paperback,256,1993,1924,,2018/12/29,,,read,,,,1,0
61327449,"How Big Things Get Done: The Surprising Factors That Determine the Fate of Every Project, from Home Renovations to Space Exploration and Everything In Between",Bent Flyvbjerg,"Flyvbjerg, Bent",Dan Gardner,"=""0593239512""","=""9780593239513""",0,4.29,Crown Currency,Hardcover,304,2023,2023,,2023/08/07,,,read,,,,1,0
890,Of Mice and Men,John Steinbeck,"Steinbeck, John",,"=""0142000671""","=""9780142000670""",0,3.89,Penguin Books,Paperback,107,2002,1937,2024/10/23,2023/08/28,,,read,,,,3,0
7624,Lord of the Flies,William Golding,"Golding, William",,"=""0140283331""","=""9780140283334""",0,3.70,Penguin Books ,Paperback,182,1999,1954,,2021/10/04,,,read,,,,1,0
216560403,Ædnan,Linnea Axelsson,"Axelsson, Linnea","Saskia Vogel, Angela Dawe","=""""","=""""",0,4.20,Random House Audio,Audible Audio,,2024,2018,,2024/10/02,to-read,to-read (#272),to-read,,,,0,0
58745510,Movement: how to take back our streets and transform our lives,Thalia Verkade,"Verkade, Thalia","Marco te Brömmelstroet, Fiona Graham","=""1911344978""","=""9781911344971""",0,4.18,Scribe UK,Paperback,275,2022,2020,,2022/08/13,to-read,to-read (#174),to-read,,,,0,0
35749414,Who We Are and How We Got Here: Ancient DNA and the New Science of the Human Past,David  Reich,"Reich, David",,"=""110187032X""","=""9781101870327""",0,4.14,Pantheon,Hardcover,335,2018,2018,,2024/07/23,to-read,to-read (#271),to-read,,,,0,0
62804,Sun & Steel,Yukio Mishima,"Mishima, Yukio",John Bester,"=""4770029039""","=""9784770029034""",0,3.86,Kodansha International,"Paperback, Paper Dust Jacket",108,2003,1968,,2018/12/29,"to-read, bogklub","to-read (#32), bogklub (#8)",to-read,,,,0,0
59151,Chess Story,Stefan Zweig,"Zweig, Stefan","Peter Gay, Joel Rotenberg, Стефан Цвайг","=""1590171691""","=""9781590171691""",0,4.27,NYRB Classics,Paperback,104,2005,1942,,2024/06/08,to-read,to-read (#270),to-read,,,,0,0
100793,Wandering,Hermann Hesse,"Hesse, Hermann",James Wright,"=""0224008048""","=""9780224008044""",0,4.05,"Farrar, Straus, and Giroux, Inc. (NY)",Hardcover,119,1972,1920,,2024/06/01,to-read,to-read (#269),to-read,,,,0,0
9809,Invisible Cities,Italo Calvino,"Calvino, Italo",William Weaver,"=""0156453800""","=""9780156453806""",0,4.10,Harcourt,Paperback,165,1974,1972,,2023/04/09,,,read,,,,1,0
90619,"Little, Big",John Crowley,"Crowley, John",,"=""0061120057""","=""9780061120053""",0,3.81,Harper Collins Publishers,Paperback,538,2006,1981,,2024/05/11,to-read,to-read (#268),to-read,,,,0,0
661723,Bushido: The Soul of Japan,Inazō Nitobe,"Nitobe, Inazō",,"=""4770027311""","=""9784770027313""",0,3.84,Kodansha USA,Hardcover,160,2002,1899,,2024/04/21,to-read,to-read (#267),to-read,,,,0,0
604635,Naïve. Super,Erlend Loe,"Loe, Erlend",Tor Ketil Solberg,"=""1841956724""","=""9781841956725""",0,3.86,Canongate UK,Paperback,208,2005,1996,,2024/04/17,to-read,to-read (#266),to-read,,,,0,0
402843,"Zen Mind, Beginner's Mind: Informal Talks on Zen Meditation and Practice",Shunryu Suzuki,"Suzuki, Shunryu","Trudy Dixon, Huston Smith, Richard Baker","=""0834800799""","=""9780834800793""",0,4.21,Weatherhill,Paperback,138,1970,1970,,2024/04/14,to-read,to-read (#265),to-read,,,,0,0
64369,Mindfulness in Plain English,Henepola Gunaratana,"Gunaratana, Henepola",Lauri Porceddu,"=""0861713214""","=""9780861713219""",0,4.15,Wisdom Publications,Paperback,208,1996,1992,,2024/04/14,to-read,to-read (#264),to-read,,,,0,0
248871,"Berserk, Vol. 1 (Berserk, #1)",Kentaro Miura,"Miura, Kentaro",,"=""1593070209""","=""9781593070205""",0,4.48,Dark Horse Manga,Paperback,224,2003,1990,,2024/04/07,"to-read, bogklub","to-read (#263), bogklub (#5)",to-read,,,,0,0
58093554,This is Vegan Propaganda (and Other Lies the Meat Industry Tells You),Ed Winters,"Winters, Ed",,"=""1473595134""","=""9781473595132""",0,4.62,Ebury Digital,ebook,320,2022,2022,,2024/04/04,to-read,to-read (#262),to-read,,,,0,0
32767,At the Mountains of Madness,H.P. Lovecraft,"Lovecraft, H.P.",China Miéville,"=""0812974417""","=""9780812974416""",0,3.79,The Modern Library,Paperback,194,2005,1931,,2024/03/29,,,read,,,,1,0
37781,"Things Fall Apart (The African Trilogy, #1)",Chinua Achebe,"Achebe, Chinua",,"=""""","=""""",0,3.74,Anchor Books,Paperback,215,1994,1958,,2024/03/06,"to-read, bogklub","to-read (#261), bogklub (#4)",to-read,,,,0,0
127278133,Glorious Exploits,Ferdia  Lennon,"Lennon, Ferdia",,"=""1250893690""","=""9781250893697""",0,4.15,Henry Holt and Co.,Hardcover,304,2024,2024,,2024/03/05,to-read,to-read (#260),to-read,,,,0,0
31170723,Behave: The Biology of Humans at Our Best and Worst,Robert M. Sapolsky,"Sapolsky, Robert M.",,"=""1594205078""","=""9781594205071""",0,4.39,Penguin Press,Hardcover,790,2017,2017,,2023/11/17,paa-min-irl-hylde,paa-min-irl-hylde (#10),paa-min-irl-hylde,,,,0,0
52382796,"Shōgun (Asian Saga, #1)",James Clavell,"Clavell, James",,"=""1982603844""","=""9781982603847""",0,4.41,Blackstone Publishing,Paperback,1152,2020,1975,,2024/03/02,to-read,to-read (#259),to-read,,,,0,0
93101,The Arabian Nights,Anonymous,"Anonymous, Anonymous","A.S. Byatt, Richard Francis Burton","=""0812972147""","=""9780812972146""",0,4.03,Modern Library,Mass Market Paperback,1049,2004,800,,2024/01/30,to-read,to-read (#258),to-read,,,,0,0
909011,"""Exterminate All the Brutes"": One Man's Odyssey into the Heart of Darkness and the Origins of European Genocide",Sven Lindqvist,"Lindqvist, Sven",Joan Tate,"=""1565843592""","=""9781565843592""",0,4.23,The New Press,Paperback,179,1997,1992,,2023/11/01,"to-read, bogklub","to-read (#223), bogklub (#3)",to-read,,,,0,0
253984,"A Time of Gifts (Trilogy, #1)",Patrick Leigh Fermor,"Fermor, Patrick Leigh",Jan Morris,"=""1590171659""","=""9781590171653""",0,4.04,NYRB Classics,Paperback,321,2005,1977,,2023/08/30,"to-read, bogklub","to-read (#208), bogklub (#2)",to-read,,,,0,0
61118,"My Traitor's Heart: A South African Exile Returns to Face His Country, His Tribe, and His Conscience",Rian Malan,"Malan, Rian",,"=""0802136842""","=""9780802136848""",0,4.25,Grove Press,Paperback,349,2000,1990,,2023/04/05,to-read,to-read (#187),to-read,,,,0,0
6094514,Jonas,Jens Bjørneboe,"Bjørneboe, Jens",,"=""8253019920""","=""""",0,4.05,Pax,Paperback,302,1998,1955,,2022/07/07,to-read,to-read (#168),to-read,,,,0,0
24278715,Aleffen,Jorge Luis Borges,"Borges, Jorge Luis",,"=""8700258881""","=""9788700258884""",0,4.33,Gyldendal,Paperback,196,1999,1945,,2021/06/23,to-read,to-read (#120),to-read,,,,0,0
214614,Desert Solitaire,Edward Abbey,"Abbey, Edward",,"=""0345326490""","=""9780345326492""",0,4.18,Ballantine Books,Mass Market Paperback,337,1971,1968,,2024/01/22,to-read,to-read (#257),to-read,,,,0,0
39910541,Hobitten,J.R.R. Tolkien,"Tolkien, J.R.R.",,"=""""","=""""",5,4.29,Gyldendal,Hardcover,376,2012,1937,,2024/01/20,,,read,,,,1,0
139400713,Martyr!,Kaveh Akbar,"Akbar, Kaveh",,"=""0593537610""","=""9780593537619""",0,4.19,Knopf,Hardcover,331,2024,2024,,2024/01/20,to-read,to-read (#256),to-read,,,,0,0
881902,Sailing Alone around the World,Joshua Slocum,"Slocum, Joshua",Thomas Philbrick,"=""0140437363""","=""9780140437362""",0,4.15,Penguin Classics,Paperback,273,1999,1899,,2023/08/28,"to-read, bogklub","to-read (#200), bogklub (#1)",to-read,,,,0,0
352133,Unfashionable Observations,Friedrich Nietzsche,"Nietzsche, Friedrich",Richard T. Gray,"=""0804734038""","=""9780804734035""",0,4.12,Stanford University Press,Paperback,420,1998,1876,,2024/01/17,to-read,to-read (#255),to-read,,,,0,0
399136,Imagined Communities: Reflections on the Origin and Spread of Nationalism,Benedict Anderson,"Anderson, Benedict",,"=""0860915468""","=""9780860915461""",0,4.11,Verso/New Left Books Ltd.,Paperback,224,1991,1983,,2024/01/17,to-read,to-read (#254),to-read,,,,0,0
77959,Lost in the Cosmos: The Last Self-Help Book,Walker Percy,"Percy, Walker",,"=""0312253990""","=""9780312253998""",0,4.06,Picador,Paperback,272,2000,1983,,2024/01/17,to-read,to-read (#253),to-read,,,,0,0
153426,The Passion According to G.H.,Clarice Lispector,"Lispector, Clarice",Ronald W. Sousa,"=""0816617120""","=""9780816617128""",0,4.13,University of Minnesota Press,Paperback,173,1988,1964,,2024/01/17,to-read,to-read (#252),to-read,,,,0,0
75394929,Middle March,George Eliot,"Eliot, George",,"=""""","=""""",0,4.03,,Kindle Edition,979,2022,1872,,2024/01/17,to-read,to-read (#251),to-read,,,,0,0
2195464,What I Talk About When I Talk About Running,Haruki Murakami,"Murakami, Haruki",Philip Gabriel,"=""""","=""""",3,3.87,Knopf Publishing Group,Hardcover,188,2008,2007,2023/10/29,2023/04/05,,,read,,,,1,0
7841459,Alexander the Great,Philip Freeman,"Freeman, Philip",,"=""1416592806""","=""9781416592808""",5,4.33,Simon & Schuster,Hardcover,391,2011,2010,2023/11/17,2023/11/04,,,read,,,,1,0
62836458,Stilhedens hav,Emily St. John Mandel,"Mandel, Emily St. John",Jakob Levinsen,"=""8727012700""","=""9788727012704""",2,4.06,Lindhardt & Ringhof,Paperback,291,2023,2022,2023/11/10,2023/11/10,,,read,,,,1,0
657466,The Rider,Tim Krabbé,"Krabbé, Tim",Sam Garrett,"=""1582342903""","=""9781582342900""",3,4.23,Bloomsbury USA,ebook,152,2003,1978,2023/10/17,2023/08/28,,,read,,,,1,0
4929,Kafka on the Shore,Haruki Murakami,"Murakami, Haruki",Philip Gabriel,"=""""","=""""",5,4.12,Vintage International,Paperback,467,2006,2002,2024/01/10,2023/11/08,,,read,,,,1,0
7042,The Tale of Genji,Murasaki Shikibu,"Shikibu, Murasaki","Royall  Tyler, Minora Sugai","=""014243714X""","=""9780142437148""",0,3.72,Penguin,Paperback,1182,2003,1000,,2024/01/14,to-read,to-read (#250),to-read,,,,0,0
102030,Musashi,Eiji Yoshikawa,"Yoshikawa, Eiji","Charles S. Terry, Edwin O. Reischauer","=""4770019572""","=""9784770019578""",0,4.47,Kodansha International,Hardcover,970,1995,1935,,2024/01/13,to-read,to-read (#249),to-read,,,,0,0
13651,The Dispossessed: An Ambiguous Utopia,Ursula K. Le Guin,"Guin, Ursula K. Le",,"=""""","=""""",0,4.25,Harper Voyager,Paperback,387,1994,1974,2023/12/10,2021/10/21,,,read,,,,1,0
40611328,"Ishmael (Ishmael, #1)",Daniel Quinn,"Quinn, Daniel",,"=""""","=""""",0,4.01,Bantam,Kindle Edition,338,2009,1992,,2024/01/13,to-read,to-read (#248),to-read,,,,0,0
35657708,How To Build A Car,Adrian Newey,"Newey, Adrian",,"=""000819680X""","=""9780008196806""",0,4.46,HarperCollins,Hardcover,400,2019,2017,,2023/12/26,to-read,to-read (#247),to-read,,,,0,0
30733,Essays,Michel de Montaigne,"Montaigne, Michel de",John Michael Cohen,"=""014017897X""","=""9780140178975""",0,4.23,Penguin,Paperback,406,1958,1580,,2019/01/28,to-read,to-read (#44),to-read,,,,0,0
29380,Animal Liberation,Peter Singer,"Singer, Peter",,"=""0060011572""","=""9780060011574""",0,4.30,Ecco Press,Paperback,324,2001,1975,,2023/11/26,to-read,to-read (#246),to-read,,,,0,0
36236123,Survivor,Chuck Palahniuk,"Palahniuk, Chuck",,"=""0393355934""","=""9780393355932""",3,3.93,W. W. Norton & Company,Paperback,304,2018,1999,2023/11/21,2023/11/18,,,read,,,,1,0
4406,East of Eden,John Steinbeck,"Steinbeck, John",,"=""0142000655""","=""9780142000656""",0,4.43,Penguin Books,Paperback,601,2002,1952,,2023/11/20,to-read,to-read (#245),to-read,,,,0,0
201739404,The Daily Pressfield: A Teaching a Day from the Author of the War of Art,Steven Pressfield,"Pressfield, Steven",Victor Juhasz,"=""""","=""9798987871621""",0,4.43,Sarsaparilla Media LLC,Kindle Edition,474,2023,,,2023/11/19,to-read,to-read (#244),to-read,,,,0,0
29358559,Upstream: Selected Essays,Mary Oliver,"Oliver, Mary",,"=""1594206708""","=""9781594206702""",0,4.16,Penguin Press,Hardcover,178,2016,2016,,2023/11/18,to-read,to-read (#243),to-read,,,,0,0
8143909,Foster,Claire Keegan,"Keegan, Claire",,"=""0571255655""","=""9780571255658""",0,4.32,Faber & Faber,Paperback,89,2010,2010,,2023/11/18,to-read,to-read (#242),to-read,,,,0,0
15796700,Americanah,Chimamanda Ngozi Adichie,"Adichie, Chimamanda Ngozi",Jashar Awan,"=""""","=""""",0,4.31,Alfred A. Knopf,Hardcover,477,2013,2013,,2023/11/18,to-read,to-read (#241),to-read,,,,0,0
77566,"Hyperion (Hyperion Cantos, #1)",Dan Simmons,"Simmons, Dan",,"=""0553283685""","=""9780553283686""",4,4.27,Bantam Doubleday Dell Publishing Group,Mass Market Paperback,500,1990,1989,2023/08/24,2023/08/19,,,read,,,,1,0
36448501,The Bitcoin Standard: The Decentralized Alternative to Central Banking,Saifedean Ammous,"Ammous, Saifedean",,"=""1119473861""","=""9781119473862""",4,4.17,Wiley,Hardcover,304,2018,2018,2023/10/10,2023/07/21,,,read,,,,1,0
49455,Notes from Underground,Fyodor Dostoevsky,"Dostoevsky, Fyodor","Richard Pevear, Larissa Volokhonsky, Donald Fanger","=""067973452X""","=""9780679734529""",0,4.17,Vintage Classics,Paperback,136,1994,1864,2023/09/22,2022/01/07,,,read,,,,1,0
59948520,In Memoriam,Alice Winn,"Winn, Alice",,"=""0593534565""","=""9780593534564""",0,4.51,Knopf,Hardcover,382,2023,2023,,2023/11/18,to-read,to-read (#240),to-read,,,,0,0
201334477,Bibelen,Péter Nádas,"Nádas, Péter",Morten Østergaard Rasmussen,"=""8797329770""","=""9788797329771""",0,3.94,Sisyfos,Paperback,106,2023,,,2023/11/17,to-read,to-read (#239),to-read,,,,0,0
40604658,"Jurassic Park (Jurassic Park, #1)",Michael Crichton,"Crichton, Michael",,"=""0307763056""","=""9780307763051""",0,4.12,Ballantine Books,Kindle Edition,466,2012,1990,,2023/11/17,to-read,to-read (#238),to-read,,,,0,0
2845024,Anathem,Neal Stephenson,"Stephenson, Neal",,"=""0061474096""","=""9780061474095""",0,4.17,William Morrow,Hardcover,937,2008,2008,,2023/11/15,to-read,to-read (#237),to-read,,,,0,0
51750,Writing Tools: 50 Essential Strategies for Every Writer,Roy Peter Clark,"Clark, Roy Peter",,"=""0316014982""","=""9780316014984""",0,4.20,"Little, Brown and Company",Hardcover,260,2006,2006,,2023/11/14,to-read,to-read (#236),to-read,,,,0,0
31799,The Problems of Philosophy,Bertrand Russell,"Russell, Bertrand",,"=""1421903679""","=""9781421903675""",0,3.90,Indypublish.Com,Paperback,116,2005,1912,,2023/11/14,to-read,to-read (#235),to-read,,,,0,0
52500766,Consider This: Moments in My Writing Life After Which Everything Was Different,Chuck Palahniuk,"Palahniuk, Chuck",,"=""1538717956""","=""9781538717950""",0,4.38,Grand Central Publishing,Hardcover,256,2020,2020,,2023/11/12,to-read,to-read (#234),to-read,,,,0,0
10569,On Writing: A Memoir of the Craft,Stephen        King,"King, Stephen",,"=""0743455967""","=""9780743455961""",0,4.34,Pocket Books,Mass Market Paperback,320,2002,2000,,2023/11/12,to-read,to-read (#233),to-read,,,,0,0
103761,Zen in the Art of Writing: Releasing the Creative Genius Within You,Ray Bradbury,"Bradbury, Ray",,"=""0553296345""","=""9780553296341""",0,4.08,Bantam,Mass Market Paperback,158,1992,1973,,2023/11/12,to-read,to-read (#232),to-read,,,,0,0
38900866,It Doesn't Have to Be Crazy at Work,Jason Fried,"Fried, Jason",David Heinemeier Hansson,"=""0062874780""","=""9780062874788""",0,4.01,Harper Business,Hardcover,240,2018,2018,,2023/11/10,to-read,to-read (#231),to-read,,,,0,0
61714633,"The Wager: A Tale of Shipwreck, Mutiny and Murder",David Grann,"Grann, David",,"=""0385534264""","=""9780385534260""",0,4.17,Doubleday,Hardcover,331,2023,2023,,2023/11/10,to-read,to-read (#230),to-read,,,,0,0
180357146,The Covenant of Water,Abraham   Verghese,"Verghese, Abraham",,"=""0802162177""","=""9780802162175""",0,4.42,Grove Press,Paperback,715,2025,2023,,2023/11/10,to-read,to-read (#229),to-read,,,,0,0
483098,The Nights Of Labor: The Workers' Dream in Nineteenth-Century France,Jacques Rancière,"Rancière, Jacques",,"=""0877228337""","=""9780877228332""",0,3.93,Temple University Press,Paperback,448,1991,1981,,2023/11/10,to-read,to-read (#228),to-read,,,,0,0
16619,Democracy in America,Alexis de Tocqueville,"Tocqueville, Alexis de","Isaac Kramnick, Gerald Bevan","=""0140447601""","=""9780140447606""",0,4.05,Penguin Classics,Paperback,983,2003,1835,,2023/11/10,to-read,to-read (#227),to-read,,,,0,0
23129811,On Palestine,Noam Chomsky,"Chomsky, Noam","Ilan Pappé, Frank Barat","=""1608464709""","=""9781608464708""",0,4.27,Haymarket Books,Paperback,220,2015,2015,,2023/11/10,to-read,to-read (#226),to-read,,,,0,0
426504,Ficciones,Jorge Luis Borges,"Borges, Jorge Luis","Anthony Kerrigan, Anthony Bonner","=""0802130305""","=""9780802130303""",0,4.40,Grove Press,Paperback,174,1994,1944,,2023/11/10,to-read,to-read (#225),to-read,,,,0,0
30753738,The Choice: Embrace the Possible,Edith Eger,"Eger, Edith",,"=""1501130781""","=""9781501130786""",0,4.58,Scribner,Hardcover,289,2017,2017,,2023/11/01,to-read,to-read (#224),to-read,,,,0,0
35187179,The Conference of the Birds,Attar of Nishapur,"Nishapur, Attar of",Sholeh Wolpé,"=""0393355543""","=""9780393355543""",0,4.23,W. W. Norton & Company,Paperback,384,2018,1177,,2023/10/29,to-read,to-read (#222),to-read,,,,0,0
157985,Shahnameh: The Persian Book of Kings,Abolqasem Ferdowsi,"Ferdowsi, Abolqasem","Azar Nafisi, Dick Davis","=""0670034851""","=""9780670034857""",0,4.51,Viking,Hardcover,886,2006,1010,,2023/10/27,to-read,to-read (#221),to-read,,,,0,0
83817782,Determined: A Science of Life without Free Will,Robert M. Sapolsky,"Sapolsky, Robert M.",,"=""0525560971""","=""9780525560975""",0,4.24,Penguin Press,Hardcover,528,2023,2023,,2023/10/25,to-read,to-read (#220),to-read,,,,0,0
18290401,Show Your Work!: 10 Ways to Share Your Creativity and Get Discovered,Austin Kleon,"Kleon, Austin",,"=""076117897X""","=""9780761178972""",0,4.10,Workman Publishing Company,Paperback,215,2014,2014,,2023/10/22,to-read,to-read (#219),to-read,,,,0,0
14912777,Turning Pro,Steven Pressfield,"Pressfield, Steven",,"=""""","=""""",0,4.15,Black Irish Books,Kindle Edition,148,2012,2012,,2023/10/22,to-read,to-read (#218),to-read,,,,0,0
1845,Into the Wild,Jon Krakauer,"Krakauer, Jon",,"=""0385486804""","=""9780385486804""",0,4.02,Anchor Books,Paperback,207,1997,1996,2023/10/22,2022/01/23,,,read,,,,1,0
41034856,Historien om Asta,Jón Kalman Stefánsson,"Stefánsson, Jón Kalman",Kim Lembek,"=""8793209606""","=""9788793209602""",0,4.15,BATZER & CO,Hardcover,480,2018,2017,,2022/07/21,,,read,,,,1,0
1117634,Small Is Beautiful: Economics as if People Mattered,Ernst F. Schumacher,"Schumacher, Ernst F.",,"=""0060916303""","=""9780060916305""",0,4.09,Harper Perennial,Paperback,352,1989,1973,,2023/10/22,to-read,to-read (#217),to-read,,,,0,0
81948,The E-myth Revisited,Michael E. Gerber,"Gerber, Michael E.",,"=""0887307280""","=""9780887307287""",0,4.07,Harper Collins,Unknown Binding,269,1995,1985,,2023/10/14,to-read,to-read (#216),to-read,,,,0,0
60932,"Parable of the Talents (Earthseed, #2)",Octavia E. Butler,"Butler, Octavia E.",,"=""0446610380""","=""9780446610384""",0,4.32,Aspect,Mass Market Paperback,448,2001,1998,,2023/09/26,to-read,to-read (#215),to-read,,,,0,0
52397,"Parable of the Sower (Earthseed, #1)",Octavia E. Butler,"Butler, Octavia E.",,"=""0446675504""","=""9780446675505""",0,4.20,Grand Central Publishing,Paperback,345,2000,1993,,2023/09/26,to-read,to-read (#214),to-read,,,,0,0
475,Collapse: How Societies Choose to Fail or Succeed,Jared Diamond,"Diamond, Jared",,"=""0143036556""","=""9780143036555""",0,3.93,Penguin Books Ltd. (London),Paperback,608,2005,2004,,2023/09/14,to-read,to-read (#213),to-read,,,,0,0
54614599,First Person Singular: Stories,Haruki Murakami,"Murakami, Haruki",Philip Gabriel,"=""0593318072""","=""9780593318072""",3,3.54,Knopf,Hardcover,245,2021,2020,,2022/07/21,,,read,,,,1,0
1836,The Practice of the Wild,Gary Snyder,"Snyder, Gary",,"=""0865474540""","=""9780865474543""",0,4.19,Farrar Straus & Giroux,Paperback,190,1990,1990,,2023/08/30,to-read,to-read (#212),to-read,,,,0,0
40795,Turtle Island,Gary Snyder,"Snyder, Gary",,"=""0811205460""","=""9780811205467""",0,4.09,New Directions,Paperback,112,1974,1974,,2023/08/30,to-read,to-read (#211),to-read,,,,0,0
1071726,The Peregrine,J.A. Baker,"Baker, J.A.",Robert Macfarlane,"=""""","=""""",0,4.15,NYRB Classics,Paperback,191,2004,1967,,2023/08/30,to-read,to-read (#210),to-read,,,,0,0
660518,Better Never to Have Been: The Harm of Coming into Existence,David Benatar,"Benatar, David",,"=""0199296421""","=""9780199296422""",0,3.89,Oxford University Press,Hardcover,237,2006,2006,,2023/08/30,to-read,to-read (#209),to-read,,,,0,0
92576,Woodcutters,Thomas Bernhard,"Bernhard, Thomas",David McLintock,"=""0226043967""","=""9780226043968""",0,4.19,University of Chicago Press,Paperback,188,1989,1984,,2023/08/28,to-read,to-read (#207),to-read,,,,0,0
88077,The Magic Mountain,Thomas Mann,"Mann, Thomas",John E. Woods,"=""""","=""9780593688137""",0,4.13,Vintage,Kindle Edition,706,1996,1924,,2023/08/28,to-read,to-read (#206),to-read,,,,0,0
18373,Flowers for Algernon,Daniel Keyes,"Keyes, Daniel",,"=""015603008X""","=""9780156030083""",0,4.23,Harvest Books,Paperback,311,2004,1966,,2023/08/28,to-read,to-read (#205),to-read,,,,0,0
61663,Pale Blue Dot: A Vision of the Human Future in Space,Carl Sagan,"Sagan, Carl",,"=""0345376595""","=""9780345376596""",0,4.34,Ballantine Books,Paperback,384,1997,1994,,2023/08/28,to-read,to-read (#204),to-read,,,,0,0
136088,"SAS Survival Handbook: How to Survive in the Wild, in Any Climate, on Land or at Sea",John  Wiseman,"Wiseman, John",,"=""0060578793""","=""9780060578794""",0,4.25,HarperResource,Paperback,576,2004,1986,,2023/08/28,to-read,to-read (#203),to-read,,,,0,0
18693910,Barbarian Days: A Surfing Life,William Finnegan,"Finnegan, William",,"=""1594203474""","=""9781594203473""",0,4.27,Penguin Press,Hardcover,447,2015,2015,,2023/08/28,to-read,to-read (#202),to-read,,,,0,0
6055,A Voyage for Madmen,Peter   Nichols,"Nichols, Peter",,"=""0060957034""","=""9780060957032""",0,4.33,Harper Perennial,Paperback,298,2002,1997,,2023/08/28,to-read,to-read (#201),to-read,,,,0,0
765618,Paradise,Abdulrazak Gurnah,"Gurnah, Abdulrazak",,"=""""","=""""",4,3.60,The New Press,Paperback,256,1995,1994,2023/08/25,2022/07/21,,,read,,,,1,0
629,"Zen and the Art of Motorcycle Maintenance: An Inquiry Into Values (Phaedrus, #1)",Robert M. Pirsig,"Pirsig, Robert M.",,"=""0060589469""","=""9780060589462""",0,3.78,HarperTorch,Mass Market Paperback,540,2006,1974,2023/08/21,2023/08/28,,,read,,,,1,0
139069,Endurance: Shackleton's Incredible Voyage,Alfred Lansing,"Lansing, Alfred",,"=""""","=""""",0,4.46,Carroll & Graf Publishers,Hardcover,282,1999,1959,,2023/08/28,to-read,to-read (#199),to-read,,,,0,0
44422074,I Will Never See the World Again,Ahmet Altan,"Altan, Ahmet",Yasemin Çongar,"=""1783785160""","=""9781783785162""",0,4.25,Granta Books,Kindle Edition,138,2019,2018,,2023/08/27,to-read,to-read (#198),to-read,,,,0,0
320,One Hundred Years of Solitude,Gabriel García Márquez,"Márquez, Gabriel García",Gregory Rabassa,"=""""","=""""",4,4.12,Harper,Mass Market Paperback,417,2003,1967,,2020/03/24,,,read,,,,1,0
35826776,The Tin Drum,Günter Grass,"Grass, Günter",Breon Mitchell,"=""1448182379""","=""9781448182374""",0,3.95,Vintage Digital,Kindle Edition,593,2017,1959,,2023/08/02,to-read,to-read (#197),to-read,,,,0,0
537762,Imaginary Homelands: Essays and Criticism 1981-1991,Salman Rushdie,"Rushdie, Salman",,"=""0140140360""","=""9780140140361""",0,3.98,Penguin Books,Paperback,448,1992,1991,,2022/07/19,,,read,,,,1,0
54110592,How Do You Live?,Genzaburo Yoshino,"Yoshino, Genzaburo","Neil Gaiman, Bruno Navasky","=""1616209771""","=""9781616209773""",4,3.99,"Little, Brown Books for Young Readers",Hardcover,288,2021,1937,,2022/07/21,,,read,,,,1,0
35122240,"The Waste Land, Prufrock and Other Poems",T.S. Eliot,"Eliot, T.S.",,"=""0486113213""","=""9780486113210""",0,4.14,Dover Publications,Kindle Edition,82,2012,1922,,2023/07/29,to-read,to-read (#196),to-read,,,,0,0
80571,American Prometheus: The Triumph and Tragedy of J. Robert Oppenheimer,Kai Bird,"Bird, Kai",Martin J. Sherwin,"=""""","=""""",0,4.31,Vintage Books,Paperback,721,2007,2005,,2023/07/29,to-read,to-read (#195),to-read,,,,0,0
73884,Manhood in the Making: Cultural Concepts of Masculinity,David D. Gilmore,"Gilmore, David D.",,"=""0300050763""","=""9780300050769""",0,4.00,Yale University Press,Paperback,272,1991,1990,,2023/07/20,to-read,to-read (#194),to-read,,,,0,0
402287,The Moral Obligation to Be Intelligent: Selected Essays,Lionel Trilling,"Trilling, Lionel",Leon Wieseltier,"=""0374527997""","=""9780374527990""",0,4.15,"Farrar, Straus and Giroux",Paperback,592,2001,2000,,2023/05/30,to-read,to-read (#193),to-read,,,,0,0
101191,What Makes Sammy Run?,Budd Schulberg,"Schulberg, Budd",,"=""0375508317""","=""9780375508318""",0,4.09,Random House,Hardcover,320,2002,1941,,2023/05/21,to-read,to-read (#192),to-read,,,,0,0
39805645,Pseudoarbejde: Hvordan vi fik travlt med at lave ingenting,Dennis Nørmark,"Nørmark, Dennis",Anders Fogh Jensen,"=""8702267764""","=""9788702267761""",0,3.92,Gyldendal Business,Audiobook,11,2018,2018,,2023/05/16,to-read,to-read (#191),to-read,,,,0,0
16634,The Glass Bead Game,Hermann Hesse,"Hesse, Hermann","Richard Winston, Clara Winston, Theodore Ziolkowski","=""0312278497""","=""9780312278496""",0,4.10,Holt Paperbacks,Paperback,558,1998,1943,,2018/08/29,,,read,,,,1,0
59780,Cosmicomics,Italo Calvino,"Calvino, Italo",William Weaver,"=""0156226006""","=""9780156226004""",0,4.15,Mariner Books,Paperback,153,1976,1965,,2023/04/09,to-read,to-read (#190),to-read,,,,0,0
374233,If on a Winter’s Night a Traveler,Italo Calvino,"Calvino, Italo",William Weaver,"=""""","=""""",0,4.02,L&OD Key Porter,Paperback,260,1982,1979,,2023/04/09,to-read,to-read (#189),to-read,,,,0,0
562240,On the Golden Porch,Tatyana Tolstaya,"Tolstaya, Tatyana",,"=""0394577981""","=""9780394577982""",0,3.91,Knopf,Hardcover,198,1989,1987,,2023/04/06,to-read,to-read (#188),to-read,,,,0,0
50131136,"Atlas of AI: Power, Politics, and the Planetary Costs of Artificial Intelligence",Kate Crawford,"Crawford, Kate",,"=""0300209576""","=""9780300209570""",0,3.95,Yale University Press,ebook,288,2020,2020,,2023/03/25,to-read,to-read (#186),to-read,,,,0,0
58986927,Disorder: Hard Times in the 21st Century,Helen   Thompson,"Thompson, Helen",,"=""0198864981""","=""9780198864981""",0,3.87,Oxford University Press,Hardcover,384,2022,2022,,2023/03/25,to-read,to-read (#185),to-read,,,,0,0
81128684,Menneskets dybeste erindring,Mohamed Mbougar Sarr,"Sarr, Mohamed Mbougar",Niels Lyngsøe,"=""8712068608""","=""9788712068600""",0,4.18,Gad,Paperback,458,2023,2021,,2023/03/06,to-read,to-read (#184),to-read,,,,0,0
243685,A History of Western Philosophy,Bertrand Russell,"Russell, Bertrand",,"=""0671201581""","=""9780671201586""",0,4.13,Simon & Schuster,Paperback,906,1986,1945,,2023/02/02,to-read,to-read (#183),to-read,,,,0,0
888369,Farthest North: The Incredible Three-Year Voyage to the Frozen Latitudes of the North (Modern Library Exploration),Fridtjof Nansen,"Nansen, Fridtjof",Roland Huntford,"=""0375754725""","=""9780375754722""",0,4.10,Random House Publishing Group,Paperback,544,1999,,,2023/01/30,to-read,to-read (#182),to-read,,,,0,0
41431983,So Much Longing in So Little Space: The Art of Edvard Munch,Karl Ove Knausgård,"Knausgård, Karl Ove",Karl Ove Knausgaard,"=""0525504907""","=""9780525504900""",0,3.95,Penguin Books,Kindle Edition,252,2019,2017,,2023/01/30,to-read,to-read (#181),to-read,,,,0,0
62794,Confessions of a Mask,Yukio Mishima,"Mishima, Yukio",Meredith Weatherby,"=""0720610311""","=""9780720610314""",0,3.95,Peter Owen,Paperback,224,1998,1949,,2023/01/30,to-read,to-read (#180),to-read,,,,0,0
21,A Short History of Nearly Everything,Bill Bryson,"Bryson, Bill",,"=""076790818X""","=""9780767908184""",0,4.22,Crown,Paperback,544,2004,2003,,2022/07/19,,,read,,,,1,0
1305,Gates of Fire,Steven Pressfield,"Pressfield, Steven",,"=""055338368X""","=""9780553383683""",0,4.40,Bantam,Paperback,526,2005,1998,,2023/01/29,to-read,to-read (#179),to-read,,,,0,0
162332,The Sailor Who Fell from Grace with the Sea,Yukio Mishima,"Mishima, Yukio",John Nathan,"=""""","=""""",3,3.84,Vintage,Paperback,181,1994,1963,,2022/06/25,,,read,,,,1,0
137254,Sult,Knut Hamsun,"Hamsun, Knut",,"=""8205248931""","=""9788205248939""",4,4.04,Gyldendal,Paperback,158,1998,1890,2023/01/16,2021/02/17,,,read,,,,1,0
342049,Growth of the Soil,Knut Hamsun,"Hamsun, Knut",,"=""0394717813""","=""9780394717814""",0,4.23,Vintage,Mass Market Paperback,435,1972,1917,,2023/01/16,to-read,to-read (#178),to-read,,,,0,0
1894414,Gå. Eller kunsten å leve et vilt og poetisk liv,Tomas Espedal,"Espedal, Tomas",,"=""8205371407""","=""9788205371408""",0,3.92,Gyldendal,Paperback,214,2007,2006,,2022/09/30,to-read,to-read (#177),to-read,,,,0,0
816,Cryptonomicon,Neal Stephenson,"Stephenson, Neal",,"=""""","=""""",0,4.23,Avon,Mass Market Paperback,1152,2002,1999,,2022/09/26,to-read,to-read (#176),to-read,,,,0,0
119073,The Name of the Rose,Umberto Eco,"Eco, Umberto",William Weaver,"=""0156001314""","=""9780156001311""",0,4.14,Houghton Mifflin Harcourt,Paperback,552,1994,1980,,2022/08/29,to-read,to-read (#175),to-read,,,,0,0
60591550,Check Your Financial Privilege,Alex Gladstein,"Gladstein, Alex",,"=""""","=""9798985728927""",0,4.43,BTC Media LLC,Paperback,271,2022,,,2022/08/03,to-read,to-read (#173),to-read,,,,0,0
49089890,"Naked, Short and Greedy: Wall Street's Failure to Deliver",Susanne Trimbath,"Trimbath, Susanne",,"=""1910151343""","=""9781910151341""",0,4.32,Spiramus Press,Paperback,372,2019,,,2022/08/03,to-read,to-read (#172),to-read,,,,0,0
6206,Elizabeth Costello,J.M. Coetzee,"Coetzee, J.M.",,"=""""","=""""",0,3.48,Vintage,Paperback,231,2004,2003,,2022/07/21,paa-min-irl-hylde,paa-min-irl-hylde (#9),paa-min-irl-hylde,,,,0,0
29959887,The Schooldays of Jesus,J.M. Coetzee,"Coetzee, J.M.",,"=""1911215361""","=""9781911215363""",0,3.58,RANDOM HOUSE,Paperback,260,2013,2016,,2022/07/21,paa-min-irl-hylde,paa-min-irl-hylde (#8),paa-min-irl-hylde,,,,0,0
18492514,Antikrist,Friedrich Nietzsche,"Nietzsche, Friedrich",,"=""9532030174""","=""""",0,3.89,IZVORI,Paperback,116,1999,1888,,2022/07/19,paa-min-irl-hylde,paa-min-irl-hylde (#7),paa-min-irl-hylde,,,,0,0
52925692,dyret og sjælen,Aldous Huxley,"Huxley, Aldous",,"=""8711003618""","=""9788711003619""",0,3.73,Aschehougs Minervabøger,Paperback,152,1971,1948,,2022/07/19,paa-min-irl-hylde,paa-min-irl-hylde (#6),paa-min-irl-hylde,,,,0,0
26694,Empire,Michael Hardt,"Hardt, Michael",Antonio Negri,"=""0674006712""","=""9780674006713""",0,3.77,Harvard University Press,Paperback,478,2001,2000,,2021/11/08,paa-min-irl-hylde,paa-min-irl-hylde (#1),paa-min-irl-hylde,,,,0,0
17690,The Trial,Franz Kafka,"Kafka, Franz","Max Brod, Willa Muir, Edwin Muir","=""""","=""""",0,3.94,Vintage,Paperback,255,2001,1925,,2021/10/04,paa-min-irl-hylde,paa-min-irl-hylde (#2),paa-min-irl-hylde,,,,0,0
12749,"Swann’s Way (In Search of Lost Time, #1)",Marcel Proust,"Proust, Marcel",Lydia Davis,"=""0142437964""","=""9780142437964""",0,4.16,Penguin Classics,Paperback,468,2004,1913,,2021/09/10,paa-min-irl-hylde,paa-min-irl-hylde (#3),paa-min-irl-hylde,,,,0,0
11768,The Hotel New Hampshire,John Irving,"Irving, John",,"=""0552992097""","=""9780552992091""",0,3.93,Black Swan,Paperback,520,1998,1981,,2018/12/23,paa-min-irl-hylde,paa-min-irl-hylde (#5),paa-min-irl-hylde,,,,0,0
6759,Infinite Jest,David Foster Wallace,"Wallace, David Foster",,"=""""","=""""",0,4.25,Back Bay Books,Paperback,1088,2005,1996,,2019/02/12,paa-min-irl-hylde,paa-min-irl-hylde (#4),paa-min-irl-hylde,,,,0,0
3601593,Non Violent Communication A Language of Life,Marshall B. Rosenberg,"Rosenberg, Marshall B.",,"=""""","=""""",0,4.33,,,264,2008,1999,,2022/07/19,to-read,to-read (#171),to-read,,,,0,0
6025160,Lords of Finance: The Bankers Who Broke the World,Liaquat Ahamed,"Ahamed, Liaquat",,"=""159420182X""","=""9781594201820""",0,4.03,Penguin Press,Hardcover,564,2009,2009,,2022/07/15,to-read,to-read (#170),to-read,,,,0,0
34484,"Small Gods (Discworld, #13)",Terry Pratchett,"Pratchett, Terry",,"=""0552152978""","=""9780552152976""",0,4.32,Corgi,Paperback,389,2005,1992,,2022/07/12,to-read,to-read (#169),to-read,,,,0,0
6192,Disgrace,J.M. Coetzee,"Coetzee, J.M.",,"=""0143036378""","=""9780143036371""",0,3.86,Penguin Books,Paperback,220,2005,1999,,2022/07/07,to-read,to-read (#167),to-read,,,,0,0
46024004,The Other Name: Septology I-II,Jon Fosse,"Fosse, Jon",Damion Searls,"=""""","=""""",0,4.05,Fitzcarraldo Editions,Paperback,351,2019,2019,,2022/07/07,to-read,to-read (#166),to-read,,,,0,0
762476,Kokoro,Natsume Sōseki,"Sōseki, Natsume",Edwin McClellan,"=""0809260956""","=""9780895267153""",0,4.04,Gateway Editions,Paperback,256,1996,1914,,2022/07/04,to-read,to-read (#165),to-read,,,,0,0
61666,Contact,Carl Sagan,"Sagan, Carl",,"=""2266079999""","=""9782266079990""",0,4.15,Pocket,Mass Market Paperback,580,1997,1985,,2022/07/03,to-read,to-read (#164),to-read,,,,0,0
23546676,Digital Gold: Bitcoin and the Inside Story of the Misfits and Millionaires Trying to Reinvent Money,Nathaniel Popper,"Popper, Nathaniel",,"=""0062362496""","=""9780062362490""",0,4.14,Harper,Hardcover,416,2015,2015,,2022/07/03,to-read,to-read (#163),to-read,,,,0,0
50175330,The Infinite Machine: How an Army of Crypto-hackers Is Building the Next Internet with Ethereum,Camila Russo,"Russo, Camila",,"=""0062886142""","=""9780062886149""",0,4.11,Harper Business,Hardcover,320,2020,2020,,2022/07/03,to-read,to-read (#162),to-read,,,,0,0
40495148,Blindness,José Saramago,"Saramago, José",Giovanni Pontiero,"=""""","=""""",0,4.18,Mariner Books,Kindle Edition,349,2013,1995,,2022/06/29,to-read,to-read (#161),to-read,,,,0,0
19395553,Our Mathematical Universe: My Quest for the Ultimate Nature of Reality,Max Tegmark,"Tegmark, Max",,"=""1846144760""","=""9781846144769""",0,4.19,Allen Lane,Hardcover,432,2014,2012,,2022/06/28,to-read,to-read (#160),to-read,,,,0,0
15645,Inferno,Dante Alighieri,"Alighieri, Dante",Anthony Esolen,"=""0812970063""","=""9780812970067""",0,4.03,Modern Library,Kindle Edition,490,2022,1320,,2022/06/28,to-read,to-read (#159),to-read,,,,0,0
34473,In Praise of Shadows,Jun'ichirō Tanizaki,"Tanizaki, Jun'ichirō","Edward G. Seidensticker, Thomas J. Harper, Charles Moore","=""""","=""""",0,4.01,Leete's Island Books,Paperback,56,1977,1933,,2022/06/28,to-read,to-read (#158),to-read,,,,0,0
5129,Brave New World,Aldous Huxley,"Huxley, Aldous",,"=""0060929871""","=""9780060929879""",0,4.00,HarperPerennial / Perennial Classics,Paperback,268,1998,1932,2022/01/01,2018/12/29,,,read,,,,1,0
39945240,The Prophet (A Penguin Classics Hardcover),Kahlil Gibran,"Gibran, Kahlil",Rupi Kaur,"=""0143133586""","=""9780143133582""",0,4.23,Penguin Classics,Hardcover,128,2019,1923,2022/01/01,2022/06/28,,,read,,,,1,0
38447,"The Handmaid’s Tale (The Handmaid's Tale, #1)",Margaret Atwood,"Atwood, Margaret",,"=""038549081X""","=""9780385490818""",0,4.15,Anchor Books,Paperback,311,1998,1985,,2022/06/28,to-read,to-read (#157),to-read,,,,0,0
9998,The Woman in the Dunes,Kōbō Abe,"Abe, Kōbō","Machi Abe, E. Dale Saunders","=""0679733787""","=""9780679733782""",0,3.88,Vintage,Paperback,241,1991,1962,,2022/05/29,to-read,to-read (#156),to-read,,,,0,0
194746,No Longer Human,Osamu Dazai,"Dazai, Osamu",Donald Keene,"=""""","=""""",0,3.95,New Directions,Paperback,176,1958,1948,,2022/05/29,to-read,to-read (#155),to-read,,,,0,0
3354711,Den afrikanske farm,Isak Dinesen,"Dinesen, Isak",Karen Blixen,"=""8700505919""","=""9788700505919""",4,3.91,Gyldendal,Paperback,329,1976,1937,,2022/01/28,,,read,,,,1,0
54497604,Blomsterdalen,Niviaq Korneliussen,"Korneliussen, Niviaq",,"=""8702278383""","=""9788702278385""",4,3.65,Gyldendal,Paperback,279,2020,2020,2022/02/01,2021/12/10,,,read,,,,1,0
28257707,The Subtle Art of Not Giving a F*ck: A Counterintuitive Approach to Living a Good Life,Mark Manson,"Manson, Mark",,"=""""","=""9798804636129""",3,3.87,Harper,Paperback,212,2016,2016,,2018/08/19,,,read,,,,1,0
27036528,Ego Is the Enemy,Ryan Holiday,"Holiday, Ryan",,"=""1591847818""","=""9781591847816""",3,4.14,Portfolio,Hardcover,226,2016,2016,,2018/08/19,,,read,,,,1,0
76334,A New Earth: Awakening to Your Life's Purpose,Eckhart Tolle,"Tolle, Eckhart",,"=""0452287588""","=""9780452287587""",4,4.16,Plume,Paperback,316,2006,2005,,2018/08/21,,,read,,,,1,0
11387241,Mørkets Hjerte,Joseph Conrad,"Conrad, Joseph",,"=""8788211428""","=""9788788211429""",2,3.43,Nansensgade Antikvariat,Paperback,128,2001,1899,,2020/10/19,,,read,,,,1,0
50955136,Mannen som elsket Sibir,Roy Jacobsen,"Jacobsen, Roy",Anneliese Pitz,"=""""","=""9788202638375""",4,3.77,Cappelen Damm,Hardcover,288,2019,2019,2022/01/01,2022/01/18,,,read,,,,1,0
91950,The Myth of Sisyphus,Albert Camus,"Camus, Albert",Justin O'Brien,"=""0141182008""","=""9780141182001""",4,4.18,Penguin Classics,Paperback,192,2013,1942,,2020/10/19,,,read,,,,1,0
25442806,Historien om Brunet,Jean-Paul Sartre,"Sartre, Jean-Paul",,"=""8773657298""","=""""",2,3.46,Peter Asschenfeldt's Stjernebøger A/S (Vintens Forlag A/S),Hardcover,189,1985,1981,,2021/10/01,,,read,,,,1,0
16256798,The One Thing: The Surprisingly Simple Truth Behind Extraordinary Results,Gary Keller,"Keller, Gary",Jay Papasan,"=""1885167776""","=""9781885167774""",2,4.13,Bard Press,Hardcover,240,2013,2012,,2018/09/14,,,read,,,,1,0
10339170,The 10X Rule: The Only Difference Between Success and Failure,Grant Cardone,"Cardone, Grant",,"=""0470627603""","=""9780470627600""",2,3.93,Wiley,Hardcover,240,2011,2011,,2018/09/14,,,read,,,,1,0
6043946,The 50th Law: Overcoming Adversity Through Fearlessness,Curtis '50 Cent' Jackson,"Jackson, Curtis '50 Cent'",Robert Greene,"=""006177460X""","=""9780061774607""",4,4.17,HarperStudio,Imitation Leather,291,2009,2008,,2018/08/21,,,read,,,,1,0
27220736,Shoe Dog: A Memoir by the Creator of Nike,Phil Knight,"Knight, Phil",,"=""1501135910""","=""9781501135910""",5,4.46,Scribner,Hardcover,400,2016,2016,,2020/04/08,,,read,,,,1,0
234225,Dune (Dune #1),Frank Herbert,"Herbert, Frank",,"=""0340839937""","=""9780340839935""",4,4.28,Hodder,Paperback,604,2006,1965,2021/02/18,2018/10/15,,,read,,,,1,0
49552,The Stranger,Albert Camus,"Camus, Albert",Matthew  Ward,"=""""","=""""",4,4.03,Vintage International,Paperback,123,1989,1942,,2020/10/19,,,read,,,,1,0
20262396,Faldet,Albert Camus,"Camus, Albert",Hans Peter Lund,"=""8702097885""","=""9788702097887""",3,4.03,Gyldendal,Hardcover,115,2010,1956,,2021/08/07,,,read,,,,1,0
7588,A Portrait of the Artist as a Young Man,James Joyce,"Joyce, James",Seamus Deane,"=""0142437344""","=""9780142437346""",1,3.64,Penguin Classics,Paperback,329,2003,1916,,2020/10/21,,,read,,,,1,0
77203,The Kite Runner,Khaled Hosseini,"Hosseini, Khaled",,"=""159463193X""","=""9781594631931""",5,4.35,Riverhead Books,Paperback,371,2004,2003,,2020/12/25,,,read,,,,1,0
5107,The Catcher in the Rye,J.D. Salinger,"Salinger, J.D.",,"=""0316769177""","=""9780316769174""",2,3.80,Back Bay Books,Paperback,277,2001,1951,,2020/04/21,,,read,,,,1,0
157993,The Little Prince,Antoine de Saint-Exupéry,"Saint-Exupéry, Antoine de",Richard Howard,"=""0152023984""","=""9780152023980""",4,4.33,"Harcourt, Inc.",Hardcover,96,2000,1943,,2018/08/21,,,read,,,,1,0
1321410,Education Automation: Freeing the scholar to return to his studies,R. Buckminster Fuller,"Fuller, R. Buckminster",Charles D. Tenney,"=""0809301377""","=""9780809301379""",4,4.46,Southern Illinois University Press,Paperback,96,1964,1962,,2020/10/19,,,read,,,,1,0
242472,The Black Swan: The Impact of the Highly Improbable,Nassim Nicholas Taleb,"Taleb, Nassim Nicholas",,"=""1400063515""","=""9781400063512""",3,3.96,Random House ,Hardcover,480,2007,2007,,2018/08/21,,,read,,,,1,0
11989,The Plague,Albert Camus,"Camus, Albert",Stuart Gilbert,"=""""","=""""",3,4.02,Vintage International,Paperback,308,1991,1947,,2021/04/11,,,read,,,,1,0
7745,Fear and Loathing in Las Vegas: A Savage Journey to the Heart of the American Dream,Hunter S. Thompson,"Thompson, Hunter S.",Ralph Steadman,"=""0679785892""","=""9780679785897""",3,4.07,Vintage Books,Paperback,204,1998,1971,,2020/04/08,,,read,,,,1,0
1065799,The Sharks,Jens Bjørneboe,"Bjørneboe, Jens",Esther Greenleaf Mürer,"=""1870041208""","=""9781870041201""",4,4.03,Norvik Pr,Paperback,241,1992,1974,,2020/04/08,,,read,,,,1,0
168668,Catch-22,Joseph Heller,"Heller, Joseph",,"=""0684833395""","=""9780684833392""",5,3.99,Simon & Schuster ,Paperback,453,2004,1961,,2020/04/08,,,read,,,,1,0
1319,The War of Art,Steven Pressfield,"Pressfield, Steven",Robert McKee,"=""0446691437""","=""9780446691437""",5,3.98,Warner Books,Paperback,168,2003,2002,,2020/01/08,,,read,,,,1,0
50270,Master and Man,Leo Tolstoy,"Tolstoy, Leo",,"=""1421803674""","=""9781421803678""",4,4.00,,Hardcover,57,2006,1895,,2019/01/31,,,read,,,,1,0
40961427,1984,George Orwell,"Orwell, George",,"=""""","=""""",3,4.20,Houghton Mifflin Harcourt,ebook,298,2013,1949,,2018/08/21,,,read,,,,1,0
13,"The Ultimate Hitchhiker’s Guide to the Galaxy (Hitchhiker's Guide to the Galaxy, #1-5)",Douglas Adams,"Adams, Douglas",,"=""0345453743""","=""9780345453747""",3,4.38,Del Rey Books,Paperback,815,2002,1996,,2020/10/21,,,read,,,,1,0
16631,Steppenwolf,Hermann Hesse,"Hesse, Hermann",Basil Creighton,"=""0140282580""","=""9780140282580""",5,4.13,Penguin,Paperback,256,1999,1927,,2018/08/28,,,read,,,,1,0
81940,Mastery: The Keys to Success and Long-Term Fulfillment,George Leonard,"Leonard, George",,"=""0452267560""","=""9780452267565""",4,4.09,Plume,Paperback,176,1992,1991,,2018/08/21,,,read,,,,1,0
7155145,Linchpin: Are You Indispensable?,Seth Godin,"Godin, Seth",,"=""1591843162""","=""9781591843160""",3,3.83,Portfolio,Hardcover,244,2010,2010,,2018/08/19,,,read,,,,1,0
4865,How to Win Friends & Influence People,Dale Carnegie,"Carnegie, Dale",,"=""""","=""""",3,4.22,Gallery Books,Paperback,288,1998,1936,,2018/08/19,,,read,,,,1,0
38501,Ham on Rye,Charles Bukowski,"Bukowski, Charles",,"=""006117758X""","=""9780061177583""",5,4.14,Ecco,Paperback,288,2014,1982,,2018/08/21,,,read,,,,1,0
34758995,"Unscripted: Life, Liberty, and the Pursuit of Entrepreneurship",M.J. DeMarco,"DeMarco, M.J.",,"=""0984358161""","=""9780984358168""",4,4.40,Viperion Publishing Corporation,Paperback,432,2023,2017,,2018/08/27,,,read,,,,1,0
14546626,Total Recall: My Unbelievably True Life Story,Arnold Schwarzenegger,"Schwarzenegger, Arnold",Peter Petre,"=""1451662432""","=""9781451662436""",4,4.17,Simon & Schuster,Hardcover,656,2012,2012,,2018/08/19,,,read,,,,1,0
865,The Alchemist,Paulo Coelho,"Coelho, Paulo",Alan R. Clarke,"=""0061122416""","=""9780061122415""",3,3.92,HarperCollins,Paperback,197,1993,1988,,2018/08/19,,,read,,,,1,0
7144,Crime and Punishment,Fyodor Dostoevsky,"Dostoevsky, Fyodor","David McDuff, Joseph Frank","=""""","=""""",4,4.28,Penguin,Paperback,671,2002,1866,,2019/02/02,,,read,,,,1,0
368593,The 4-Hour Workweek,Timothy Ferriss,"Ferriss, Timothy",,"=""0307353133""","=""9780307353139""",3,3.91,Harmony,ebook,308,2007,2007,,2018/08/19,,,read,,,,1,0
7147831,"Min kamp 1 (Min kamp, #1)",Karl Ove Knausgård,"Knausgård, Karl Ove",,"=""8252574580""","=""9788252574586""",0,4.10,Forlaget Oktober,Hardcover,435,2009,2009,,2022/04/07,to-read,to-read (#154),to-read,,,,0,0
121410,Adrift: Seventy-Six Days Lost at Sea,Steven Callahan,"Callahan, Steven",,"=""0618257322""","=""9780618257324""",0,4.14,Mariner Books,Paperback,344,2002,1986,,2022/03/02,to-read,to-read (#153),to-read,,,,0,0
22245334,"The Utopia of Rules: On Technology, Stupidity, and the Secret Joys of Bureaucracy",David Graeber,"Graeber, David",,"=""1612193749""","=""9781612193748""",0,4.02,Melville House,Hardcover,261,2015,2013,,2022/01/24,to-read,to-read (#152),to-read,,,,0,0
41817486,A Clockwork Orange,Anthony Burgess,"Burgess, Anthony",,"=""0393341763""","=""9780393341768""",0,4.00,W. W. Norton & Company,Paperback,240,2019,1962,,2022/01/23,to-read,to-read (#151),to-read,,,,0,0
128029,A Thousand Splendid Suns,Khaled Hosseini,"Hosseini, Khaled",,"=""1594489505""","=""9781594489501""",0,4.45,Riverhead Books,Hardcover,372,2007,2007,,2022/01/23,to-read,to-read (#150),to-read,,,,0,0
15823480,Anna Karenina,Leo Tolstoy,"Tolstoy, Leo","Aylmer Maude, Louise Maude, Dieter Wellershoff, Bruno Goetz, Lev Tolstoj, Léon Tolstoï","=""0345803922""","=""9780345803924""",0,4.10,Vintage,Paperback,964,2012,1878,,2022/01/18,to-read,to-read (#149),to-read,,,,0,0
39079243,K-punk: The Collected and Unpublished Writings of Mark Fisher,Mark Fisher,"Fisher, Mark","Simon Reynolds, Darren Ambrose","=""1912248298""","=""9781912248292""",0,4.30,Repeater,Kindle Edition,821,2018,2018,,2022/01/18,to-read,to-read (#148),to-read,,,,0,0
51783,The Conquest of Happiness,Bertrand Russell,"Russell, Bertrand",,"=""0415378478""","=""9780415378475""",0,4.02,Routledge,Paperback,183,1976,1930,,2022/01/07,to-read,to-read (#147),to-read,,,,0,0
24861,Demian,Hermann Hesse,"Hesse, Hermann",Thomas Mann,"=""""","=""9783518367063""",0,4.14,Suhrkamp Verlag,Paperback,193,1996,1919,,2021/12/05,to-read,to-read (#146),to-read,,,,0,0
35658247,"Vengeance is Mine, All Others Pay Cash",Eka Kurniawan,"Kurniawan, Eka",Annie Tucker,"=""1782272763""","=""9781782272762""",0,3.95,Pushkin Press,Kindle Edition,233,2017,2014,,2021/11/09,to-read,to-read (#145),to-read,,,,0,0
624988,The Harder They Fall,Budd Schulberg,"Schulberg, Budd",,"=""1566631076""","=""9781566631075""",0,4.20,Ivan R. Dee,Paperback,357,1996,1947,,2021/11/04,to-read,to-read (#144),to-read,,,,0,0
108713,Pimp: The Story of My Life,Iceberg Slim,"Slim, Iceberg",Sapphire,"=""0862415934""","=""9780862415938""",0,4.00,Payback Pr,Paperback,311,2002,1967,,2021/10/30,to-read,to-read (#143),to-read,,,,0,0
5130,Island,Aldous Huxley,"Huxley, Aldous",,"=""0060085495""","=""9780060085490""",0,3.85,Harper Perennial Classics,Paperback,354,2002,1962,,2021/10/30,to-read,to-read (#142),to-read,,,,0,0
9658252,After the Future,"Franco ""Bifo"" Berardi","Berardi, Franco ""Bifo""","Gary Genosko, Nicholas Thoburn","=""1849350590""","=""9781849350594""",0,3.88,AK Press,Paperback,185,2011,2011,,2021/10/30,to-read,to-read (#141),to-read,,,,0,0
24724602,Flash Boys: A Wall Street Revolt,Michael   Lewis,"Lewis, Michael",,"=""0393351599""","=""9780393351590""",0,4.14,W. W. Norton & Company,Paperback,304,2015,2014,,2021/10/18,to-read,to-read (#140),to-read,,,,0,0
54785010,Er mor død,Vigdis Hjorth,"Hjorth, Vigdis",,"=""8202671825""","=""9788202671822""",0,3.83,Cappelen Damm,Hardcover,355,2020,2020,,2021/10/11,to-read,to-read (#139),to-read,,,,0,0
27516955,Planen,Morten Pape,"Pape, Morten",,"=""8740026701""","=""9788740026702""",0,4.34,Politiken,ebook,568,2015,2015,,2021/10/11,to-read,to-read (#137),to-read,,,,0,0
40839935,Guds bedste børn,Morten Pape,"Pape, Morten",,"=""8740030652""","=""9788740030655""",0,4.28,Politiken,Paperback,437,2018,2018,,2021/10/11,to-read,to-read (#138),to-read,,,,0,0
56988769,I ruiner,Morten Pape,"Pape, Morten",,"=""8740054853""","=""9788740054859""",0,3.80,Politiken,Paperback,603,2021,,,2021/10/11,to-read,to-read (#136),to-read,,,,0,0
45974,The Book of Disquiet,Fernando Pessoa,"Pessoa, Fernando","Bernardo Soares, Richard Zenith","=""0141183047""","=""9780141183046""",0,4.40,Penguin Classics,Paperback,544,2002,1982,,2021/10/04,to-read,to-read (#135),to-read,,,,0,0
12618,Chomsky On Anarchism,Noam Chomsky,"Chomsky, Noam",Barry Pateman,"=""1904859208""","=""9781904859208""",0,3.84,AK Press,Paperback,241,2005,2005,,2021/10/04,to-read,to-read (#134),to-read,,,,0,0
56397218,Mute Compulsion. A Theory of the Economic Power of Capital,Søren Mau,"Mau, Søren",,"=""""","=""""",0,4.37,,ebook,,2019,2023,,2021/10/04,to-read,to-read (#133),to-read,,,,0,0
31138556,Homo Deus: A History of Tomorrow,Yuval Noah Harari,"Harari, Yuval Noah",,"=""""","=""""",3,4.19,Harper,ebook,450,2017,2015,2018/08/21,2018/08/21,,,read,,,,2,0
135742,In Praise of Idleness and Other Essays,Bertrand Russell,"Russell, Bertrand",,"=""0415109248""","=""9780415109246""",0,4.04,Routledge,Paperback,192,1985,1935,,2021/10/01,to-read,to-read (#132),to-read,,,,0,0
647,No Logo,Naomi Klein,"Klein, Naomi",,"=""0312421435""","=""9780312421434""",0,3.89,Picador,Paperback,528,2002,2000,,2021/09/30,to-read,to-read (#131),to-read,,,,0,0
43157165,A Moth to a Flame,Stig Dagerman,"Dagerman, Stig",,"=""0241400732""","=""9780241400739""",0,3.72,Viking,Paperback,224,2019,1948,,2021/09/27,to-read,to-read (#130),to-read,,,,0,0
21119,The Ethics of Ambiguity,Simone de Beauvoir,"Beauvoir, Simone de",Bernard Frechtman,"=""080650160X""","=""9780806501604""",0,4.18,Citadel,Paperback,162,2000,1947,,2021/09/17,to-read,to-read (#129),to-read,,,,0,0
449407,Pensées,Blaise Pascal,"Pascal, Blaise","T.S. Eliot, A.J. Krailsheimer, George Iancu Ghidu","=""""","=""""",0,3.94,Penguin Classics,Paperback,334,1995,1670,,2021/09/10,to-read,to-read (#128),to-read,,,,0,0
40940603,Out of Egypt: A Memoir,André Aciman,"Aciman, André",,"=""""","=""""",0,4.02,"Farrar, Straus and Giroux",ebook,352,2007,1980,,2021/09/04,to-read,to-read (#127),to-read,,,,0,0
76507,The Emigrants,W.G. Sebald,"Sebald, W.G.",Michael Hulse,"=""0099448882""","=""9780099448884""",0,4.16,Vintage,Paperback,237,2002,1992,,2021/09/04,to-read,to-read (#126),to-read,,,,0,0
52741293,Shuggie Bain,Douglas   Stuart,"Stuart, Douglas",,"=""0802148042""","=""9780802148049""",0,4.30,Grove Press,Hardcover,430,2020,2020,,2021/08/30,to-read,to-read (#125),to-read,,,,0,0
18598018,Terningerne er kastet,Jean-Paul Sartre,"Sartre, Jean-Paul",,"=""""","=""""",4,3.97,Vintens Forlag,Paperback,158,1964,1947,,2021/08/07,,,read,,,,1,0
19499462,Postscript on the Societies of Control,Gilles Deleuze,"Deleuze, Gilles",,"=""""","=""""",0,4.31,,Paperback,10,1990,1990,,2021/08/07,to-read,to-read (#124),to-read,,,,0,0
53317371,Homo Irrealis: Essays,André Aciman,"Aciman, André",,"=""0374171874""","=""9780374171872""",0,3.83,"Farrar, Straus and Giroux",Hardcover,256,2021,2021,,2021/07/30,to-read,to-read (#123),to-read,,,,0,0
164006,Memoirs of a Dutiful Daughter,Simone de Beauvoir,"Beauvoir, Simone de",James Kirkup,"=""0060825197""","=""9780060825195""",0,4.13,Harper Perennial Modern Classics,Paperback,359,2005,1958,,2021/06/23,to-read,to-read (#122),to-read,,,,0,0
457264,The Second Sex,Simone de Beauvoir,"Beauvoir, Simone de","H.M. Parshley, Deirdre Bair","=""0679724516""","=""9780679724513""",0,4.18,Vintage,Paperback,746,1989,1949,,2021/06/23,to-read,to-read (#121),to-read,,,,0,0
127232,On Revolution,Hannah Arendt,"Arendt, Hannah",Jonathan Schell,"=""0143039903""","=""9780143039907""",0,4.00,Penguin Classics,Paperback,336,2006,1956,,2021/05/16,to-read,to-read (#119),to-read,,,,0,0
52090,Eichmann in Jerusalem: A Report on the Banality of Evil,Hannah Arendt,"Arendt, Hannah",,"=""""","=""""",0,4.20,Penguin Classics,Paperback,312,2006,1963,,2021/05/16,to-read,to-read (#118),to-read,,,,0,0
37133029,Psychopolitics: Neoliberalism and New Technologies of Power,Byung-Chul Han,"Han, Byung-Chul",Erik Butler,"=""1784785784""","=""9781784785789""",0,4.08,Verso,Kindle Edition,96,2017,2014,,2021/04/20,to-read,to-read (#117),to-read,,,,0,0
25490360,The Burnout Society,Byung-Chul Han,"Han, Byung-Chul",Erik Butler,"=""0804795096""","=""9780804795098""",0,3.87,Stanford University Press,Paperback,60,2015,2010,,2021/04/20,to-read,to-read (#116),to-read,,,,0,0
5986375,"This Is Water: Some Thoughts, Delivered on a Significant Occasion, about Living a Compassionate Life",David Foster Wallace,"Wallace, David Foster",,"=""0316068225""","=""9780316068222""",0,4.47,"Little, Brown and Company",Hardcover,138,2009,2009,,2021/04/11,to-read,to-read (#115),to-read,,,,0,0
51985,Existentialism is a Humanism,Jean-Paul Sartre,"Sartre, Jean-Paul","Arlette Elkaïm-Sartre, Annie Cohen-Solal, Carol Macomber","=""0300115466""","=""9780300115468""",0,3.98,Yale University Press,Paperback,122,2007,1946,,2021/04/11,to-read,to-read (#114),to-read,,,,0,0
11990,The Rebel,Albert Camus,"Camus, Albert",,"=""0679733841""","=""9780679733843""",0,4.14,Vintage,Paperback,320,1992,1951,,2021/04/11,to-read,to-read (#113),to-read,,,,0,0
39339934,Notes on Nationalism,George Orwell,"Orwell, George",,"=""0241339561""","=""9780241339565""",0,4.01,Penguin Classics,Paperback,52,2018,2012,,2021/04/11,to-read,to-read (#112),to-read,,,,0,0
36436095,I Have More Souls Than One,Fernando Pessoa,"Pessoa, Fernando",,"=""024133960X""","=""9780241339602""",0,3.97,Penguin,Paperback,64,2018,1918,,2021/04/11,to-read,to-read (#111),to-read,,,,0,0
4979,A Man Without a Country,Kurt Vonnegut Jr.,"Jr., Kurt Vonnegut",Daniel Simon,"=""081297736X""","=""9780812977363""",0,4.10,Random House Trade Paperbacks,Paperback,145,2007,2005,,2021/04/11,"to-read, bogklub","to-read (#110), bogklub (#7)",to-read,,,,0,0
18736925,Capital in the Twenty First Century,Thomas Piketty,"Piketty, Thomas",Arthur Goldhammer,"=""067443000X""","=""9780674430006""",0,4.06,Belknap Press: An Imprint of Harvard University Press,Hardcover,685,2014,2013,,2021/04/11,to-read,to-read (#109),to-read,,,,0,0
36436073,Create Dangerously,Albert Camus,"Camus, Albert",,"=""024133912X""","=""9780241339121""",0,3.85,Penguin Classics,Paperback,58,2018,1957,,2021/04/11,to-read,to-read (#108),to-read,,,,0,0
712820,Dark Spring,Unica Zürn,"Zürn, Unica",Caroline Rupprecht,"=""1878972308""","=""9781878972309""",0,4.07,Exact Change,Paperback,128,2000,1969,,2021/04/08,to-read,to-read (#107),to-read,,,,0,0
63033,The Savage Detectives,Roberto Bolaño,"Bolaño, Roberto",Natasha Wimmer,"=""0374191484""","=""9780374191481""",0,4.17,"Farrar, Straus and Giroux",Hardcover,577,2007,1998,,2021/04/08,to-read,to-read (#106),to-read,,,,0,0
780175,The Myth of Progress: Toward a Sustainable Future,Tom Wessels,"Wessels, Tom",,"=""1584654953""","=""9781584654957""",0,4.13,Univ of Vermont,Hardcover,131,2006,2006,,2021/04/06,to-read,to-read (#105),to-read,,,,0,0
52223,The Arcades Project,Walter Benjamin,"Benjamin, Walter","Howard Eiland, Kevin McLaughlin","=""0674008022""","=""9780674008021""",0,4.44,Belknap Press,Paperback,1088,2002,1982,,2021/04/06,to-read,to-read (#104),to-read,,,,0,0
10034,"The Age of Reason (Roads to Freedom, #1)",Jean-Paul Sartre,"Sartre, Jean-Paul",,"=""0679738959""","=""9780679738954""",0,3.98,Vintage International,Paperback,416,1992,1945,,2021/03/24,to-read,to-read (#103),to-read,,,,0,0
127963,What Is Art?,Leo Tolstoy,"Tolstoy, Leo",Aylmer Maude,"=""0735102937""","=""9780735102934""",0,3.73,Replica Books,Hardcover,252,2001,1897,,2021/03/20,to-read,to-read (#102),to-read,,,,0,0
4981,Slaughterhouse-Five,Kurt Vonnegut Jr.,"Jr., Kurt Vonnegut",,"=""""","=""""",0,4.10,Dial Press,Paperback,275,1999,1969,,2021/03/20,to-read,to-read (#101),to-read,,,,0,0
40409718,Post Office,Charles Bukowski,"Bukowski, Charles",,"=""""","=""""",0,3.93,Ecco,ebook,162,2009,1971,,2021/03/18,to-read,to-read (#100),to-read,,,,0,0
4980,Breakfast of Champions,Kurt Vonnegut Jr.,"Jr., Kurt Vonnegut",,"=""0385334206""","=""9780385334204""",0,4.06,Dell Publishing,Paperback,303,1999,1973,,2021/03/18,to-read,to-read (#99),to-read,,,,0,0
40651883,Snow Crash,Neal Stephenson,"Stephenson, Neal",,"=""""","=""""",0,4.01,Spectra,Kindle Edition,559,2018,1992,,2021/03/13,to-read,to-read (#98),to-read,,,,0,0
6088007,"Neuromancer (Sprawl, #1)",William Gibson,"Gibson, William",Jack Womack,"=""""","=""""",0,3.89,Ace,Kindle Edition,268,2018,1984,,2021/03/13,to-read,to-read (#97),to-read,,,,0,0
1048424,Governing the Commons: The Evolution of Institutions for Collective Action (Political Economy of Institutions and Decisions),Elinor Ostrom,"Ostrom, Elinor",,"=""0521405998""","=""9780521405997""",0,4.22,Cambridge University Press,Paperback,298,1990,1990,,2021/02/18,to-read,to-read (#96),to-read,,,,0,0
250912,The Waste Makers,Vance Packard,"Packard, Vance",,"=""0671822942""","=""9780671822941""",0,4.03,Pocket,Unknown Binding,,1978,1960,,2021/02/18,to-read,to-read (#95),to-read,,,,0,0
29579,"Foundation (Foundation, #1)",Isaac Asimov,"Asimov, Isaac",,"=""0553803719""","=""9780553803716""",0,4.17,Bantam,Hardcover,244,2004,1951,,2021/02/10,to-read,to-read (#94),to-read,,,,0,0
6294,"Howl’s Moving Castle (Howl’s Moving Castle, #1)",Diana Wynne Jones,"Jones, Diana Wynne",,"=""006441034X""","=""9780064410342""",0,4.29,Harper Trophy,Mass Market Paperback,329,2001,1986,,2021/01/29,to-read,to-read (#93),to-read,,,,0,0
18114322,The Grapes of Wrath,John Steinbeck,"Steinbeck, John",,"=""067001690X""","=""9780670016907""",0,4.02,Viking,Hardcover,496,2014,1939,,2021/01/29,to-read,to-read (#92),to-read,,,,0,0
6288,The Road,Cormac McCarthy,"McCarthy, Cormac",,"=""0307265439""","=""9780307265432""",0,4.00,Alfred A. Knopf,Hardcover,241,2006,2006,,2021/01/25,to-read,to-read (#91),to-read,,,,0,0
16981,Invisible Man,Ralph Ellison,"Ellison, Ralph",,"=""""","=""""",0,3.92,Vintage,Paperback,581,1995,1952,,2021/01/25,to-read,to-read (#90),to-read,,,,0,0
2761,The Denial of Death,Ernest Becker,"Becker, Ernest",Sam Keen,"=""""","=""""",0,4.05,Free Press,Paperback,336,1997,1973,,2021/01/21,to-read,to-read (#89),to-read,,,,0,0
50158595,To Be Honest: A Memoir,Michael Leviton,"Leviton, Michael",,"=""1419743058""","=""9781419743054""",0,3.82,Abrams Press,Hardcover,304,2021,2021,,2021/01/21,to-read,to-read (#88),to-read,,,,0,0
1293976,Shyness and Dignity,Dag Solstad,"Solstad, Dag",Sverre Lyngstad,"=""1555974465""","=""9781555974466""",0,3.82,Graywolf Press,Paperback,150,2006,1994,,2021/01/21,to-read,to-read (#87),to-read,,,,0,0
298275,Nausea,Jean-Paul Sartre,"Sartre, Jean-Paul","Lloyd Alexander, Hayden Carruth","=""0811201880""","=""9780811201889""",0,3.93,New Directions,Hardcover,178,1969,1938,,2021/01/21,to-read,to-read (#86),to-read,,,,0,0
12534,Teaching a Stone to Talk: Expeditions and Encounters,Annie Dillard,"Dillard, Annie",,"=""0060915412""","=""9780060915414""",0,4.15,Harper Perennial,Paperback,175,1988,1982,,2021/01/21,to-read,to-read (#85),to-read,,,,0,0
127233,The Life of the Mind,Hannah Arendt,"Arendt, Hannah",Mary McCarthy,"=""0156519925""","=""9780156519922""",0,4.25,Harvest Books,Paperback,521,1981,1971,,2021/01/21,to-read,to-read (#84),to-read,,,,0,0
396931,The Origins of Totalitarianism,Hannah Arendt,"Arendt, Hannah",,"=""""","=""""",0,4.30,Harcourt Brace Jovanovich,Paperback,527,1973,1951,,2021/01/21,to-read,to-read (#83),to-read,,,,0,0
138878,The Way to Love: The Last Meditations of Anthony de Mello,Anthony de Mello,"Mello, Anthony de",,"=""038524939X""","=""9780385249393""",0,4.30,Image,Paperback,196,1995,1991,,2021/01/16,to-read,to-read (#82),to-read,,,,0,0
867247,A Book of Five Rings: The Classic Guide to Strategy,Miyamoto Musashi,"Musashi, Miyamoto","Victor Harris, Lew Hartman","=""0517415283""","=""9780517415283""",0,3.95,Gramercy,Hardcover,192,1988,1645,,2021/01/16,to-read,to-read (#81),to-read,,,,0,0
34466963,Why We Sleep: Unlocking the Power of Sleep and Dreams,Matthew Walker,"Walker, Matthew",,"=""""","=""""",0,4.37,Scribner,Hardcover,368,2017,2017,,2021/01/02,to-read,to-read (#80),to-read,,,,0,0
35959740,Circe,Madeline Miller,"Miller, Madeline",,"=""0316556343""","=""9780316556347""",0,4.22,"Little, Brown and Company",Hardcover,393,2018,2018,,2020/12/27,to-read,to-read (#79),to-read,,,,0,0
99690,No Man Is an Island,Thomas Merton,"Merton, Thomas",,"=""1590302532""","=""9781590302538""",0,4.15,Shambhala,Hardcover,272,2005,1955,,2020/12/16,to-read,to-read (#78),to-read,,,,0,0
52851637,Tour de chambre,Tine Høeg,"Høeg, Tine",,"=""8743400000""","=""9788743400004""",0,4.17,Gutkind,Paperback,324,2020,2020,,2020/12/16,to-read,to-read (#77),to-read,,,,0,0
62708,The  Prosperous Few and the Restless Many (Real Story),Noam Chomsky,"Chomsky, Noam",David Barsamian,"=""1878825038""","=""9781878825032""",0,4.01,Odonian Pr,Paperback,95,1993,1993,,2020/12/16,to-read,to-read (#76),to-read,,,,0,0
404273,Blackshirts and Reds: Rational Fascism and the Overthrow of Communism,Michael Parenti,"Parenti, Michael",,"=""0872863298""","=""9780872863293""",0,4.40,City Lights Books,Paperback,166,1997,1997,,2020/12/16,to-read,to-read (#75),to-read,,,,0,0
285351,Nine Chains to the Moon,R. Buckminster Fuller,"Fuller, R. Buckminster",,"=""0809300885""","=""9780809300884""",0,3.85,Southern Illinois University Press,Paperback,384,1963,1963,,2020/10/19,to-read,to-read (#74),to-read,,,,0,0
1321401,Utopia or Oblivion: The Prospects for Humanity,R. Buckminster Fuller,"Fuller, R. Buckminster",,"=""087951003X""","=""9780879510039""",0,4.15,Overlook Books,Hardcover,378,1973,1969,,2020/10/19,to-read,to-read (#73),to-read,,,,0,0
316362,Operating Manual for Spaceship Earth,R. Buckminster Fuller,"Fuller, R. Buckminster",,"=""089190235X""","=""9780891902355""",0,4.06,Amereon Limited,Hardcover,128,1998,1969,,2020/10/07,to-read,to-read (#72),to-read,,,,0,0
39655236,Breathing: Chaos and Poetry,"Franco ""Bifo"" Berardi","Berardi, Franco ""Bifo""",,"=""1635900387""","=""9781635900385""",0,4.08,Semiotext(e),Paperback,160,2018,2018,,2020/10/07,to-read,to-read (#71),to-read,,,,0,0
22246108,Heroes: Mass Murder and Suicide (Futures),"Franco ""Bifo"" Berardi","Berardi, Franco ""Bifo""",,"=""1781685770""","=""9781781685778""",0,3.91,Verso,Hardcover,224,2015,2015,,2020/10/07,to-read,to-read (#70),to-read,,,,0,0
3836,Don Quixote,Miguel de Cervantes Saavedra,"Saavedra, Miguel de Cervantes","Roberto González Echevarría, John Rutherford","=""""","=""""",0,3.91,Penguin Books,Paperback,1023,2003,1615,,2020/02/07,to-read,to-read (#69),to-read,,,,0,0
31795,The Story of Philosophy: The Lives and Opinions of the World's Greatest Philosophers,Will Durant,"Durant, Will",,"=""0671739166""","=""9780671739164""",0,4.15,Pocket Books,Paperback,704,1991,1926,,2020/01/24,to-read,to-read (#68),to-read,,,,0,0
503150,Letters to a Young Contrarian,Christopher Hitchens,"Hitchens, Christopher",,"=""0465030335""","=""9780465030330""",0,4.13,Basic Books,Paperback,141,2005,2001,,2020/01/24,to-read,to-read (#67),to-read,,,,0,0
5131,The Perennial Philosophy,Aldous Huxley,"Huxley, Aldous",,"=""006057058X""","=""9780060570583""",0,4.12,Harper Perennial Modern Classics,Paperback,336,2004,1945,,2020/01/24,to-read,to-read (#66),to-read,,,,0,0
40180066,Team Human,Douglas Rushkoff,"Rushkoff, Douglas",,"=""039365169X""","=""9780393651690""",0,3.83,W. W. Norton & Company,Hardcover,256,2019,,,2020/01/18,to-read,to-read (#65),to-read,,,,0,0
29780253,Born a Crime: Stories From a South African Childhood,Trevor Noah,"Noah, Trevor",,"=""0385689225""","=""9780385689229""",0,4.49,Doubleday Canada,Hardcover,289,2016,2016,,2019/12/10,to-read,to-read (#64),to-read,,,,0,0
76479,A Field Guide to Getting Lost,Rebecca Solnit,"Solnit, Rebecca",,"=""0143037242""","=""9780143037248""",0,3.91,Penguin Books,Paperback,209,2006,2005,,2019/12/10,to-read,to-read (#63),to-read,,,,0,0
15682,A Happy Death,Albert Camus,"Camus, Albert","Richard Howard, Jean Sarocchi","=""""","=""""",0,3.81,Penguin Classics,Paperback,144,2002,1971,,2019/08/06,to-read,to-read (#62),to-read,,,,0,0
62659,Profit Over People: Neoliberalism and Global Order,Noam Chomsky,"Chomsky, Noam",Robert W. McChesney,"=""1888363827""","=""9781888363821""",0,4.03,Seven Stories Press,Paperback,175,1999,1998,,2019/03/02,to-read,to-read (#61),to-read,,,,0,0
194805,Understanding Power: The Indispensable Chomsky,Noam Chomsky,"Chomsky, Noam","John Schoeffel, R. Mitchell","=""1565847032""","=""9781565847033""",0,4.41,The New Press,Paperback,416,2002,2002,,2019/03/02,to-read,to-read (#60),to-read,,,,0,0
19063,The Book Thief,Markus Zusak,"Zusak, Markus",,"=""""","=""""",0,4.39,Alfred A. Knopf,Kindle Edition,592,2006,2005,,2019/02/25,to-read,to-read (#59),to-read,,,,0,0
12617,Manufacturing Consent: The Political Economy of the Mass Media,Edward S. Herman,"Herman, Edward S.",Noam Chomsky,"=""0375714499""","=""9780375714498""",0,4.24,Knopf Doubleday Publishing Group,Paperback,412,2002,1988,,2019/02/25,to-read,to-read (#58),to-read,,,,0,0
174876,A Way of Being,Carl R. Rogers,"Rogers, Carl R.",Irvin D. Yalom,"=""0395755301""","=""9780395755303""",0,4.22,Mariner Books,Paperback,395,1995,1980,,2019/02/12,to-read,to-read (#57),to-read,,,,0,0
174879,On Becoming a Person: A Therapist's View of Psychotherapy,Carl R. Rogers,"Rogers, Carl R.",Peter D.    Kramer,"=""039575531X""","=""9780395755310""",0,4.16,Mariner Books,Paperback,420,1995,1961,,2019/02/12,to-read,to-read (#56),to-read,,,,0,0
40876575,Utopia for Realists: How We Can Build the Ideal World,Rutger Bregman,"Bregman, Rutger",,"=""0316471909""","=""9780316471909""",0,4.21,"Little, Brown and Company",Kindle Edition,262,2017,2014,,2019/02/04,to-read,to-read (#55),to-read,,,,0,0
18414,Utopia,Thomas More,"More, Thomas",Paul  Turner,"=""0140449108""","=""9780140449105""",0,3.55,Penguin Classics,Paperback,113,2003,1516,,2019/02/04,to-read,to-read (#54),to-read,,,,0,0
22628,The Perks of Being a Wallflower,Stephen Chbosky,"Chbosky, Stephen",,"=""""","=""""",0,4.24,MTV Books/Pocket Books,Hardcover,213,1999,1999,,2019/02/04,to-read,to-read (#53),to-read,,,,0,0
326679,"Emile, or On Education",Jean-Jacques Rousseau,"Rousseau, Jean-Jacques",Allan Bloom,"=""0465019315""","=""9780465019311""",0,3.58,Basic Books,Paperback,501,1979,1762,,2019/02/01,to-read,to-read (#52),to-read,,,,0,0
4473,A Prayer for Owen Meany,John Irving,"Irving, John",,"=""0552135399""","=""9780552135399""",5,4.24,Black Swan,Paperback,637,1990,1989,,2018/12/23,,,read,,,,1,0
38714379,Them: Why We Hate Each Other - and How to Heal,Ben Sasse,"Sasse, Ben",,"=""1250193680""","=""9781250193681""",0,4.16,St. Martin's Press,Hardcover,288,2018,2018,,2019/01/28,to-read,to-read (#51),to-read,,,,0,0
18077875,Essentialism: The Disciplined Pursuit of Less,Greg McKeown,"McKeown, Greg",,"=""0804137382""","=""9780804137386""",0,4.06,Crown Currency,Hardcover,260,2014,2011,,2019/01/28,to-read,to-read (#50),to-read,,,,0,0
39204065,How to Be Free: An Ancient Guide to the Stoic Life (Ancient Wisdom for Modern Readers),Epictetus,"Epictetus, Epictetus",Anthony A. Long,"=""0691177716""","=""9780691177717""",0,4.09,Princeton University Press,Hardcover,173,2018,2018,,2019/01/28,to-read,to-read (#49),to-read,,,,0,0
12172,Memoirs of Hadrian,Marguerite Yourcenar,"Yourcenar, Marguerite",Grace Frick,"=""0374529264""","=""9780374529260""",0,4.22,FSG Adult,Paperback,347,2005,1951,,2019/01/28,to-read,to-read (#48),to-read,,,,0,0
21977717,The Greatest Empire: A Life of Seneca,Emily Wilson,"Wilson, Emily",,"=""0199926646""","=""9780199926640""",0,3.92,Oxford University Press,Hardcover,272,2014,2014,,2019/01/28,to-read,to-read (#47),to-read,,,,0,0
767958,Leisure: The Basis of Culture,Josef Pieper,"Pieper, Josef","Roger Scruton, Gerald Malsbary","=""1890318353""","=""9781890318352""",0,4.26,St. Augustine's Press,Paperback,176,1998,1948,,2019/01/28,to-read,to-read (#46),to-read,,,,0,0
39330937,The Laws of Human Nature,Robert Greene,"Greene, Robert",,"=""0698184548""","=""9780698184541""",0,4.35,Penguin Books,Kindle Edition,624,2018,2018,,2019/01/28,to-read,to-read (#45),to-read,,,,0,0
849052,Montaigne,Stefan Zweig,"Zweig, Stefan",,"=""3596127262""","=""9783596127269""",0,4.02,FISCHER Taschenbuch,Paperback,128,1995,1941,,2019/01/28,"to-read, bogklub","to-read (#43), bogklub (#6)",to-read,,,,0,0
7624457,How to Live: A Life of Montaigne in One Question and Twenty Attempts at an Answer,Sarah Bakewell,"Bakewell, Sarah",,"=""0701178922""","=""9780701178925""",0,4.02,Chatto & Windus,Hardcover,387,2010,2010,,2019/01/28,to-read,to-read (#42),to-read,,,,0,0
41011099,Digital Minimalism: On Living Better with Less Technology,Cal Newport,"Newport, Cal",,"=""""","=""""",0,4.06,Penguin,ebook,290,2019,2019,,2019/01/28,to-read,to-read (#41),to-read,,,,0,0
349650,One-Dimensional Man: Studies in the Ideology of Advanced Industrial Society,Herbert Marcuse,"Marcuse, Herbert",Douglas Kellner,"=""0807014176""","=""9780807014172""",0,3.98,Beacon Press,Paperback,260,1991,1964,,2018/11/13,to-read,to-read (#40),to-read,,,,0,0
450534,When the Body Says No: The Cost of Hidden Stress,Gabor Maté,"Maté, Gabor",,"=""0676973124""","=""9780676973129""",0,4.19,Vintage Canada,Paperback,320,2004,2003,,2019/01/16,to-read,to-read (#39),to-read,,,,0,0
617702,In the Realm of Hungry Ghosts: Close Encounters with Addiction,Gabor Maté,"Maté, Gabor",,"=""0676977405""","=""9780676977400""",0,4.48,Knopf Canada,Hardcover,480,2008,2007,,2019/01/16,to-read,to-read (#38),to-read,,,,0,0
551520,The Wisdom of Insecurity: A Message for an Age of Anxiety,Alan W. Watts,"Watts, Alan W.",,"=""0394704681""","=""9780394704685""",0,4.15,Vintage,Paperback,152,1968,1951,,2019/01/15,to-read,to-read (#37),to-read,,,,0,0
1371,The Iliad,Homer,"Homer, Homer","Robert Fagles, Bernard Knox","=""0140275363""","=""9780140275360""",0,3.92,Penguin Classics,Paperback,614,1999,-800,,2019/01/07,to-read,to-read (#36),to-read,,,,0,0
333706,The Odyssey,Homer,"Homer, Homer","Robert Fagles, Bernard Knox","=""0140268863""","=""9780140268867""",0,3.83,Penguin Classics,Paperback,496,1997,-700,,2019/01/07,to-read,to-read (#35),to-read,,,,0,0
13588356,"Daring Greatly: How the Courage to Be Vulnerable Transforms the Way We Live, Love, Parent, and Lead",Brené Brown,"Brown, Brené",,"=""1592407331""","=""9781592407330""",0,4.29,Avery,Hardcover,287,2012,2012,,2018/12/31,to-read,to-read (#34),to-read,,,,0,0
6334,Never Let Me Go,Kazuo Ishiguro,"Ishiguro, Kazuo",,"=""1400078776""","=""9781400078776""",0,3.85,Vintage Books ,Paperback,288,2010,2005,,2018/12/29,to-read,to-read (#33),to-read,,,,0,0
28676,American Psycho,Bret Easton Ellis,"Ellis, Bret Easton",,"=""0679735771""","=""9780679735779""",0,3.80,Vintage Contemporaries / Random House,Paperback,399,1991,1991,,2018/12/29,to-read,to-read (#31),to-read,,,,0,0
203073,The Apprenticeship of Duddy Kravitz,Mordecai Richler,"Richler, Mordecai",,"=""0671028472""","=""9780671028473""",0,3.73,Gallery Books,Paperback,384,1999,1959,,2018/12/22,to-read,to-read (#30),to-read,,,,0,0
25417283,The Movie-goer,Walker Percy,"Percy, Walker",,"=""""","=""""",0,3.64,Penguin Books,Paperback,204,1966,1961,,2018/12/22,to-read,to-read (#29),to-read,,,,0,0
13152194,Tiny Beautiful Things: Advice on Love and Life from Dear Sugar,Cheryl Strayed,"Strayed, Cheryl",,"=""""","=""""",0,4.15,Vintage,ebook,354,2012,2012,,2018/12/22,to-read,to-read (#28),to-read,,,,0,0
1221559,Letters from a Self-Made Merchant to His Son,George Horace Lorimer,"Lorimer, George Horace",,"=""0766161803""","=""9780766161801""",0,4.07,Kessinger Publishing,Paperback,364,2003,1902,,2018/12/22,to-read,to-read (#27),to-read,,,,0,0
31869155,The Captain Class: The Hidden Force that Creates the World's Greatest Teams,Sam  Walker,"Walker, Sam",,"=""0812997190""","=""9780812997194""",0,4.02,Random House,Hardcover,352,2017,2016,,2018/12/17,to-read,to-read (#26),to-read,,,,0,0
12419,A Calendar of Wisdom: Daily Thoughts to Nourish the Soul,Leo Tolstoy,"Tolstoy, Leo",Peter Sekirin,"=""""","=""""",0,3.97,Scribner,Hardcover,384,1997,1906,,2018/12/17,to-read,to-read (#25),to-read,,,,0,0
339387,"Listen, Little Man!",Wilhelm Reich,"Reich, Wilhelm","William Steig, Ralph Manheim","=""0374504016""","=""9780374504014""",4,3.97,"Noonday/Farrar, Straus & Giroux (NYC)",Paperback,144,1974,1946,,2018/11/18,,,read,,,,1,0
81939,The Mastery of Love: A Practical Guide to the Art of Relationship: A Toltec Wisdom Book,Miguel Ruiz,"Ruiz, Miguel",,"=""1878424440""","=""9781878424440""",0,4.27,Amber-Allen Publishing,Hardcover,248,2002,1999,,2018/11/21,to-read,to-read (#24),to-read,,,,0,0
6979404,The Fifth Agreement,Miguel Ruiz,"Ruiz, Miguel",Jose Ruiz,"=""1878424688""","=""9781878424686""",0,4.11,Amber-Allen Publishing,Hardcover,248,2009,2009,,2018/11/21,to-read,to-read (#23),to-read,,,,0,0
339384,Character Analysis,Wilhelm Reich,"Reich, Wilhelm",Wilhelm Reich,"=""0374509808""","=""9780374509804""",0,4.12,"Farrar, Straus & Giroux",Paperback,576,1980,1933,,2018/11/18,to-read,to-read (#22),to-read,,,,0,0
4934,The Brothers Karamazov,Fyodor Dostoevsky,"Dostoevsky, Fyodor","Richard Pevear, Larissa Volokhonsky","=""0374528373""","=""9780374528379""",0,4.39,"Farrar, Straus and Giroux",Paperback,796,2002,1880,,2018/11/10,to-read,to-read (#21),to-read,,,,0,0
1898,Into Thin Air: A Personal Account of the Mt. Everest Disaster,Jon Krakauer,"Krakauer, Jon",,"=""""","=""""",0,4.26,Anchor Books,Paperback,368,1999,1997,,2018/10/20,to-read,to-read (#20),to-read,,,,0,0
341879,Just Kids,Patti Smith,"Smith, Patti",,"=""""","=""""",0,4.21,Ecco,Hardcover,304,2010,2010,,2018/10/16,to-read,to-read (#19),to-read,,,,0,0
141209,The Wisdom of No Escape: How to Love Yourself and Your World,Pema Chödrön,"Chödrön, Pema",,"=""0007190611""","=""9780007190614""",0,4.28,Element Books,Paperback,208,2004,1991,,2018/10/16,to-read,to-read (#18),to-read,,,,0,0
44559,Life is Elsewhere,Milan Kundera,"Kundera, Milan",Aaron Asher,"=""0060997028""","=""9780060997021""",0,3.96,Harper Perennial,Paperback,432,2000,1973,,2018/10/16,to-read,to-read (#17),to-read,,,,0,0
1837402,How To Get Rich,Felix Dennis,"Dennis, Felix",,"=""009192166X""","=""9780091921668""",0,4.17,Ebury Press,Paperback,277,2007,2006,,2018/10/07,to-read,to-read (#16),to-read,,,,0,0
67896,Tao Te Ching,Lao Tzu,"Tzu, Lao","Gia-Fu Feng, Jane English, Jacob Needleman, Toinette Lippe, Claudio Lamparelli","=""0679724346""","=""9780679724346""",0,4.29,Vintage,Paperback,107,1989,-350,,2018/09/11,to-read,to-read (#15),to-read,,,,0,0
190038,Critical Path,R. Buckminster Fuller,"Fuller, R. Buckminster",Kiyoshi Kuromiya,"=""0312174918""","=""9780312174910""",0,4.22,St. Martin's Griffin,Paperback,471,1982,1981,,2018/08/30,to-read,to-read (#14),to-read,,,,0,0
97411,Letters from a Stoic,Seneca,"Seneca, Seneca",,"=""0140442103""","=""9780140442106""",0,4.33,Penguin Books,Paperback,254,2004,64,,2018/08/30,to-read,to-read (#13),to-read,,,,0,0
36582041,How to Die:  An Ancient Guide to the End of Life,Seneca,"Seneca, Seneca",James S. Romm,"=""0691175578""","=""9780691175577""",0,4.02,Princeton University Press,Hardcover,230,2018,2017,,2018/08/30,to-read,to-read (#12),to-read,,,,0,0
5954,Narcissus and Goldmund,Hermann Hesse,"Hesse, Hermann",Ursule Molinaro,"=""0374506841""","=""9780374506841""",0,4.22,"The Noonday Press / Farrar, Straus Giroux",Paperback,315,1997,1930,,2018/08/29,to-read,to-read (#11),to-read,,,,0,0
343,Perfume: The Story of a Murderer,Patrick Süskind,"Süskind, Patrick",John E. Woods,"=""""","=""""",0,4.04,Penguin Books,Paperback,263,1987,1985,,2018/08/28,to-read,to-read (#10),to-read,,,,0,0
5759,Fight Club,Chuck Palahniuk,"Palahniuk, Chuck",,"=""0393327345""","=""9780393327342""",0,4.18,W.W. Norton & Company (NYC),Paperback,218,2005,1996,,2018/08/28,to-read,to-read (#9),to-read,,,,0,0
3828382,Tribes: We Need You to Lead Us,Seth Godin,"Godin, Seth",,"=""1591842336""","=""9781591842330""",3,3.80,Portfolio,Hardcover,151,2008,2008,,2018/08/27,,,read,,,,1,0
218873,The Amazing Power of Deliberate Intent,Esther Hicks,"Hicks, Esther",Jerry Hicks,"=""1401906966""","=""9781401906962""",0,4.27,Hay House LLC,Paperback,336,2007,2006,,2018/08/27,to-read,to-read (#8),to-read,,,,0,0
323170,"The Hustler (Eddie Felson, #1)",Walter Tevis,"Tevis, Walter",,"=""1560254734""","=""9781560254737""",0,4.10,Da Capo Press,Paperback,224,2002,1959,,2018/08/27,to-read,to-read (#7),to-read,,,,0,0
25744928,Deep Work: Rules for Focused Success in a Distracted World,Cal Newport,"Newport, Cal",,"=""1455586692""","=""9781455586691""",0,4.16,Grand Central Publishing,Hardcover,296,2016,2016,,2018/08/27,to-read,to-read (#6),to-read,,,,0,0
28815,Influence: The Psychology of Persuasion,Robert B. Cialdini,"Cialdini, Robert B.",,"=""006124189X""","=""9780061241895""",0,4.22,Harper Business,Paperback,320,2006,1984,,2018/08/27,to-read,to-read (#5),to-read,,,,0,0
211099,"Losing My Virginity: How I've Survived, Had Fun, and Made a Fortune Doing Business My Way",Richard Branson,"Branson, Richard",,"=""0812932293""","=""9780812932294""",4,4.00,Crown Business,Paperback,416,1999,1998,,2018/08/27,,,read,,,,1,0
13589182,Mastery,Robert Greene,"Greene, Robert",,"=""0670024961""","=""9780670024964""",4,4.26,Viking,Hardcover,318,2012,2012,,2018/08/27,,,read,,,,1,0
2255,Way of the Peaceful Warrior: A Book That Changes Lives,Dan Millman,"Millman, Dan",,"=""1932073205""","=""9781932073201""",0,4.13,HJ Kramer,Paperback,240,2006,1980,,2018/08/27,to-read,to-read (#4),to-read,,,,0,0
19202564,"Letting Go: The Pathway of Surrender (Power vs. Force, #9)",David R. Hawkins,"Hawkins, David R.",,"=""1401945538""","=""""",5,4.08,Hay House LLC,Kindle Edition,401,2013,2012,2018/08/22,2018/08/19,,,read,,,,1,0
19795,Power vs. Force: The Hidden Determinants of Human Behavior (Paperback),David R. Hawkins,"Hawkins, David R.",,"=""1561709336""","=""9781561709335""",0,4.15,Hay House,Unknown Binding,341,2002,1985,,2018/08/21,to-read,to-read (#3),to-read,,,,0,0
43877,The Monk Who Sold His Ferrari: A Fable About Fulfilling Your Dreams and Reaching Your Destiny,Robin Sharma,"Sharma, Robin",,"=""0062515675""","=""9780062515674""",3,3.89,HarperOne,Paperback,208,1999,1996,,2018/08/21,,,read,,,,1,0
100247,Vagabonding: An Uncommon Guide to the Art of Long-Term World Travel,Rolf Potts,"Potts, Rolf",Timothy Ferriss,"=""0812992180""","=""9780812992182""",5,3.95,Villard Books,Paperback,205,2002,2002,,2018/08/21,,,read,,,,1,0
13159280,The Flinch,Julien Smith,"Smith, Julien",,"=""""","=""""",3,3.75,,Kindle Edition,38,2011,2011,,2018/08/21,,,read,,,,1,0
13103,"The Celestine Prophecy (Celestine Prophecy, #1)",James Redfield,"Redfield, James",,"=""""","=""""",3,3.73,Warner Books,Paperback,247,1995,1993,,2018/08/21,,,read,,,,1,0
7613,Animal Farm,George Orwell,"Orwell, George","Ann Patchett, Téa Obreht","=""""","=""""",4,4.01,Plume,Paperback,129,2003,1945,,2018/08/21,,,read,,,,1,0
2122,The Fountainhead,Ayn Rand,"Rand, Ayn",Leonard Peikoff,"=""""","=""""",5,3.89,Signet Book,Mass Market Paperback,704,1996,1943,,2018/08/21,,,read,,,,1,0
790171,Kon-Tiki,Thor Heyerdahl,"Heyerdahl, Thor",,"=""0671726528""","=""9780671726522""",5,4.16,Rand McNally,Paperback,240,1990,1948,,2018/08/21,,,read,,,,1,0
566259,Fire in the Belly: On Being a Man,Sam Keen,"Keen, Sam",,"=""0553351370""","=""9780553351378""",0,3.81,Bantam,Paperback,288,1992,1991,,2018/08/21,to-read,to-read (#2),to-read,,,,0,0
1052,The Richest Man in Babylon,George S. Clason,"Clason, George S.",,"=""0451205367""","=""9780451205360""",0,4.23,Berkley Books,Paperback,194,2002,1926,,2018/08/21,to-read,to-read (#1),to-read,,,,0,0
30659,Meditations,Marcus Aurelius,"Aurelius, Marcus",Martin Hammond,"=""0140449337""","=""9780140449334""",4,4.28,Penguin Books,Paperback,254,2006,180,,2018/08/19,,,read,,,,1,0
10645233,Do the Work,Steven Pressfield,"Pressfield, Steven",,"=""1455820997""","=""9781455820993""",4,3.97,The Domino Project,Audio CD,109,2011,2011,,2018/08/19,,,read,,,,1,0
18668059,The Obstacle Is the Way: The Timeless Art of Turning Trials into Triumph,Ryan Holiday,"Holiday, Ryan",,"=""1591846358""","=""9781591846352""",4,4.15,Portfolio,Hardcover,201,2014,2014,,2018/08/19,,,read,,,,1,0
33932358,Recovery: Freedom from Our Addictions,Russell Brand,"Brand, Russell",,"=""1250141923""","=""9781250141927""",4,3.94,Henry Holt and Co.,Hardcover,288,2017,2017,,2018/08/19,,,read,,,,1,0
97412,On the Shortness of Life: Life Is Long if You Know How to Use It (Penguin Great Ideas),Seneca,"Seneca, Seneca",C.D.N. Costa,"=""0143036327""","=""9780143036326""",4,4.17,Penguin Books,Paperback,106,2005,49,,2018/08/19,,,read,,,,1,0
6708,The Power of Now: A Guide to Spiritual Enlightenment,Eckhart Tolle,"Tolle, Eckhart",,"=""""","=""""",5,4.15,New World Library,Paperback,229,2004,1997,,2018/08/19,,,read,,,,1,0
18872437,The Millionaire Fastlane: Crack the Code to Wealth and Live Rich for a Lifetime!,M.J. DeMarco,"DeMarco, M.J.",,"=""0984358102""","=""9780984358106""",4,4.30,Viperion Publishing Corp,Paperback,322,2011,2010,,2018/08/19,,,read,,,,1,0
23929658,Reality Transurfing Steps I-V,Vadim Zeland,"Zeland, Vadim",,"=""5957328804""","=""9785957328803""",5,4.51,Ves Publishing Group,Kindle Edition,544,2014,2006,,2018/08/19,,,read,,,,1,0
16902,"Walden or, Life in the Woods",Henry David Thoreau,"Thoreau, Henry David",Bill McKibben,"=""""","=""""",4,3.78,Princeton University Press,Paperback,352,2004,1854,,2018/08/19,,,read,,,,1,0
52036,Siddhartha,Hermann Hesse,"Hesse, Hermann","Hilda Rosner, Zigmantas Ardickas","=""""","=""""",5,4.08,Bantam Books,Mass Market Paperback,152,1981,1922,,2018/08/19,,,read,,,,1,0
12605157,"The $100 Startup: Reinvent the Way You Make a Living, Do What You Love, and Create a New Future",Chris Guillebeau,"Guillebeau, Chris",,"=""0307951529""","=""9780307951526""",3,3.89,Crown Currency,Hardcover,268,2012,2012,,2018/08/19,,,read,,,,1,0
30186948,Think and Grow Rich,Napoleon Hill,"Hill, Napoleon","Bill Hartley, Ann Hartley, Ben Holden-Crowther, Muhammad Ghous Siddiqui","=""""","=""""",4,4.17,,Paperback,233,2016,1937,,2018/08/19,,,read,,,,1,0
12609433,The Power of Habit: Why We Do What We Do in Life and Business,Charles Duhigg,"Duhigg, Charles",,"=""1400069289""","=""9781400069286""",4,4.13,Random House,Hardcover,375,2012,2012,,2018/08/19,,,read,,,,1,0
81959,As a Man Thinketh,James Allen,"Allen, James",,"=""1585425648""","=""9781585425648""",4,4.24,TarcherPerigee,Hardcover,80,2006,1902,,2018/08/19,,,read,,,,1,0
2612,The Tipping Point: How Little Things Can Make a Big Difference,Malcolm Gladwell,"Gladwell, Malcolm",,"=""0316346624""","=""9780316346627""",4,4.01,Time Warner Book Group,Paperback,301,2002,2000,,2018/08/19,,,read,,,,1,0
4069,Man's Search for Meaning,Viktor E. Frankl,"Frankl, Viktor E.","Harold S. Kushner, William J. Winslade, Isle Lasch","=""080701429X""","=""9780807014295""",4,4.37,Beacon Press,Paperback,165,2006,1946,,2018/08/19,,,read,,,,1,0
25541028,"Elon Musk: Tesla, SpaceX, and the Quest for a Fantastic Future",Ashlee Vance,"Vance, Ashlee",,"=""0062301233""","=""9780062301239""",4,4.13,Ecco,Hardcover,392,2015,2015,,2018/08/19,,,read,,,,1,0
